,compactness,circularity,distance_circularity,radius_ratio,pr.axis_aspect_ratio,max.length_aspect_ratio,scatter_ratio,elongatedness,pr.axis_rectangularity,max.length_rectangularity,scaled_variance,scaled_variance.1,scaled_radius_of_gyration,scaled_radius_of_gyration.1,skewness_about,skewness_about.1,skewness_about.2,hollows_ratio,H_clusters
0,95,48.0,83.0,178.0,72.0,10,162.0,42.0,20.0,159,176.0,379.0,184.0,70.0,6.0,16.0,187.0,197,2
1,91,41.0,84.0,141.0,57.0,9,149.0,45.0,19.0,143,170.0,330.0,158.0,72.0,9.0,14.0,189.0,199,2
2,104,50.0,106.0,209.0,66.0,10,207.0,32.0,23.0,158,223.0,635.0,220.0,73.0,14.0,9.0,188.0,196,1
3,93,41.0,82.0,159.0,63.0,9,144.0,46.0,19.0,143,160.0,309.0,127.0,63.0,6.0,10.0,199.0,207,2
4,85,44.0,70.0,205.0,103.0,52,149.0,45.0,19.0,144,241.0,325.0,188.0,127.0,9.0,11.0,180.0,183,1
6,97,43.0,73.0,173.0,65.0,6,153.0,42.0,19.0,143,176.0,361.0,172.0,66.0,13.0,1.0,200.0,204,2
7,90,43.0,66.0,157.0,65.0,9,137.0,48.0,18.0,146,162.0,281.0,164.0,67.0,3.0,3.0,193.0,202,2
8,86,34.0,62.0,140.0,61.0,7,122.0,54.0,17.0,127,141.0,223.0,112.0,64.0,2.0,14.0,200.0,208,2
10,86,36.0,70.0,143.0,61.0,9,133.0,50.0,18.0,130,153.0,266.0,127.0,66.0,2.0,10.0,194.0,202,2
11,90,34.0,66.0,136.0,55.0,6,123.0,54.0,17.0,118,148.0,224.0,118.0,65.0,5.0,26.0,196.0,202,2
12,88,46.0,74.0,171.0,68.0,6,152.0,43.0,19.0,148,180.0,349.0,192.0,71.0,5.0,11.0,189.0,195,2
13,89,42.0,85.0,144.0,58.0,10,152.0,44.0,19.0,144,173.0,345.0,161.0,72.0,8.0,13.0,187.0,197,2
14,94,49.0,79.0,203.0,71.0,5,174.0,37.0,21.0,154,196.0,465.0,206.0,71.0,6.0,2.0,197.0,199,2
15,96,55.0,103.0,201.0,65.0,9,204.0,32.0,23.0,166,227.0,624.0,246.0,74.0,6.0,2.0,186.0,194,1
16,89,36.0,51.0,109.0,52.0,6,118.0,57.0,17.0,129,137.0,206.0,125.0,80.0,2.0,14.0,181.0,185,2
17,99,41.0,77.0,197.0,69.0,6,177.0,36.0,21.0,139,202.0,485.0,151.0,72.0,4.0,10.0,198.0,199,1
18,104,54.0,100.0,186.0,61.0,10,216.0,31.0,24.0,173,225.0,686.0,220.0,74.0,5.0,11.0,185.0,195,1
20,84,47.0,75.0,153.0,64.0,6,154.0,43.0,19.0,145,175.0,354.0,184.0,75.0,0.0,3.0,185.0,192,2
21,84,37.0,53.0,121.0,59.0,5,123.0,55.0,17.0,125,141.0,221.0,133.0,82.0,7.0,1.0,179.0,183,2
22,94,43.0,64.0,173.0,69.0,7,150.0,43.0,19.0,142,169.0,344.0,177.0,68.0,9.0,1.0,199.0,206,2
23,87,39.0,70.0,148.0,61.0,7,143.0,46.0,18.0,136,164.0,307.0,141.0,69.0,1.0,2.0,192.0,199,2
24,99,53.0,105.0,219.0,66.0,11,204.0,32.0,23.0,165,221.0,623.0,224.0,68.0,0.0,6.0,191.0,201,1
25,85,45.0,80.0,154.0,64.0,9,147.0,45.0,19.0,148,169.0,324.0,174.0,71.0,1.0,4.0,188.0,199,2
26,83,36.0,54.0,119.0,57.0,6,128.0,53.0,18.0,125,143.0,238.0,139.0,82.0,6.0,3.0,179.0,183,2
27,107,54.0,98.0,203.0,65.0,11,218.0,31.0,25.0,167,229.0,696.0,216.0,72.0,1.0,28.0,187.0,199,1
28,102,45.0,85.0,193.0,64.0,6,192.0,33.0,22.0,146,217.0,570.0,163.0,76.0,6.0,7.0,195.0,193,1
29,80,38.0,63.0,129.0,55.0,7,146.0,46.0,19.0,130,168.0,314.0,158.0,83.0,9.0,20.0,180.0,185,2
30,89,43.0,85.0,160.0,64.0,11,155.0,43.0,19.0,151,173.0,356.0,174.0,72.0,5.0,9.0,185.0,196,2
31,88,42.0,77.0,151.0,58.0,8,140.0,47.0,18.0,142,165.0,293.0,158.0,64.0,10.0,11.0,198.0,205,2
32,93,35.0,66.0,154.0,59.0,6,142.0,46.0,18.0,128,162.0,304.0,120.0,64.0,5.0,13.0,197.0,202,2
33,101,48.0,107.0,222.0,68.0,10,208.0,32.0,24.0,154,232.0,641.0,204.0,70.0,5.0,38.0,190.0,202,1
34,87,38.0,85.0,177.0,61.0,8,164.0,40.0,20.0,129,186.0,402.0,130.0,63.0,1.0,25.0,198.0,205,2
36,82,44.0,72.0,118.0,52.0,7,152.0,44.0,19.0,147,174.0,340.0,177.0,82.0,2.0,2.0,180.0,185,2
37,90,48.0,86.0,306.0,126.0,49,153.0,44.0,19.0,156,272.0,346.0,200.0,118.0,0.0,15.0,185.0,194,1
38,106,53.0,98.0,176.0,54.0,10,216.0,31.0,24.0,171,235.0,691.0,218.0,74.0,1.0,9.0,187.0,197,1
39,81,45.0,68.0,169.0,73.0,6,151.0,44.0,19.0,146,173.0,336.0,186.0,75.0,7.0,0.0,183.0,189,2
40,95,48.0,104.0,214.0,67.0,9,205.0,32.0,23.0,151,227.0,628.0,202.0,74.0,5.0,9.0,186.0,193,1
41,88,37.0,51.0,105.0,52.0,5,119.0,57.0,17.0,128,135.0,207.0,125.0,86.0,8.0,16.0,179.0,183,2
42,94,49.0,87.0,137.0,54.0,11,158.0,43.0,20.0,162,178.0,366.0,186.0,75.0,5.0,5.0,183.0,194,2
43,93,37.0,76.0,183.0,63.0,8,164.0,40.0,20.0,134,191.0,405.0,139.0,67.0,4.0,7.0,192.0,197,2
44,119,54.0,106.0,220.0,65.0,12,213.0,31.0,24.0,167,223.0,675.0,232.0,66.0,20.0,1.0,192.0,202,1
45,93,46.0,82.0,145.0,58.0,11,159.0,43.0,20.0,160,180.0,371.0,189.0,77.0,2.0,4.0,183.0,194,2
46,91,43.0,70.0,133.0,55.0,8,130.0,51.0,18.0,146,159.0,253.0,156.0,70.0,1.0,8.0,190.0,194,2
47,85,42.0,66.0,122.0,54.0,6,148.0,46.0,19.0,141,172.0,317.0,174.0,88.0,6.0,14.0,180.0,182,2
48,89,47.0,81.0,147.0,64.0,11,156.0,44.0,20.0,163,170.0,352.0,188.0,76.0,6.0,13.0,184.0,193,2
49,91,45.0,79.0,176.0,59.0,9,163.0,40.0,20.0,148,184.0,404.0,179.0,62.0,0.0,10.0,199.0,208,2
50,78,38.0,63.0,115.0,51.0,6,142.0,47.0,19.0,130,162.0,299.0,146.0,77.0,2.0,4.0,181.0,185,2
51,92,38.0,71.0,174.0,66.0,7,154.0,43.0,19.0,133,181.0,355.0,130.0,70.0,4.0,24.0,189.0,195,2
52,98,55.0,101.0,228.0,70.0,9,210.0,31.0,24.0,168,236.0,661.0,245.0,72.0,1.0,6.0,188.0,197,1
53,101,42.0,62.0,175.0,67.0,6,149.0,43.0,19.0,139,169.0,341.0,165.0,65.0,7.0,11.0,202.0,209,2
54,101,56.0,104.0,185.0,53.0,6,257.0,26.0,28.0,168,275.0,956.0,230.0,83.0,5.0,26.0,180.0,184,1
55,94,36.0,66.0,151.0,61.0,8,133.0,50.0,18.0,135,154.0,265.0,119.0,62.0,9.0,3.0,201.0,208,2
56,97,44.0,96.0,195.0,63.0,9,185.0,36.0,22.0,144,202.0,512.0,165.0,66.0,4.0,8.0,191.0,199,1
57,89,47.0,84.0,133.0,55.0,11,157.0,44.0,20.0,160,169.0,354.0,176.0,74.0,5.0,9.0,182.0,192,2
58,107,53.0,103.0,221.0,66.0,11,209.0,32.0,24.0,163,222.0,653.0,212.0,66.0,0.0,1.0,191.0,201,1
59,85,39.0,68.0,119.0,52.0,5,128.0,53.0,18.0,135,148.0,241.0,142.0,75.0,8.0,8.0,182.0,187,2
60,103,50.0,98.0,212.0,63.0,9,193.0,34.0,22.0,161,214.0,567.0,185.0,64.0,5.0,5.0,198.0,204,1
61,77,38.0,63.0,135.0,59.0,5,130.0,52.0,18.0,130,145.0,247.0,139.0,79.0,13.0,21.0,183.0,187,2
62,96,40.0,70.0,120.0,50.0,8,137.0,50.0,18.0,141,162.0,269.0,139.0,80.0,10.0,13.0,183.0,183,2
63,83,42.0,66.0,156.0,67.0,7,150.0,45.0,19.0,144,174.0,333.0,159.0,78.0,4.0,2.0,182.0,188,2
64,93,45.0,86.0,201.0,69.0,7,184.0,35.0,22.0,145,203.0,523.0,183.0,72.0,0.0,4.0,194.0,197,1
65,89,41.0,75.0,143.0,56.0,7,146.0,46.0,19.0,137,170.0,317.0,156.0,76.0,18.0,5.0,184.0,188,2
67,98,55.0,101.0,219.0,69.0,11,225.0,30.0,25.0,178,231.0,748.0,216.0,74.0,6.0,14.0,187.0,195,1
68,86,44.0,78.0,164.0,68.0,9,142.0,46.0,18.0,147,168.0,305.0,171.0,70.0,1.0,11.0,190.0,201,2
69,98,49.0,84.0,219.0,74.0,7,190.0,34.0,22.0,154,208.0,558.0,209.0,74.0,4.0,7.0,195.0,195,1
71,97,59.0,108.0,227.0,70.0,11,224.0,30.0,25.0,186,225.0,732.0,218.0,70.0,10.0,25.0,186.0,198,1
72,92,39.0,91.0,191.0,62.0,8,176.0,37.0,21.0,137,196.0,466.0,151.0,67.0,3.0,23.0,192.0,200,2
73,73,37.0,53.0,111.0,54.0,6,126.0,55.0,18.0,128,135.0,227.0,147.0,82.0,1.0,15.0,176.0,184,2
74,89,42.0,89.0,147.0,61.0,11,151.0,44.0,19.0,145,170.0,338.0,163.0,72.0,11.0,23.0,187.0,199,2
75,101,53.0,103.0,203.0,63.0,9,195.0,34.0,22.0,162,210.0,571.0,210.0,68.0,5.0,5.0,191.0,198,1
76,91,39.0,83.0,170.0,60.0,8,172.0,38.0,21.0,134,197.0,445.0,152.0,72.0,0.0,10.0,188.0,194,2
79,89,44.0,68.0,113.0,50.0,7,150.0,45.0,19.0,147,171.0,328.0,189.0,88.0,6.0,5.0,179.0,182,2
80,87,46.0,71.0,159.0,66.0,6,151.0,44.0,19.0,146,175.0,343.0,189.0,73.0,2.0,0.0,186.0,190,2
81,99,51.0,92.0,203.0,65.0,5,209.0,31.0,24.0,159,232.0,671.0,214.0,78.0,5.0,11.0,191.0,189,1
82,94,36.0,68.0,127.0,54.0,7,127.0,52.0,18.0,132,155.0,242.0,116.0,66.0,1.0,2.0,195.0,196,2
83,79,40.0,80.0,133.0,55.0,7,147.0,47.0,19.0,135,172.0,311.0,144.0,76.0,8.0,30.0,181.0,193,2
84,89,40.0,76.0,188.0,76.0,7,150.0,44.0,19.0,136,174.0,342.0,148.0,72.0,3.0,8.0,193.0,197,2
85,110,58.0,106.0,180.0,51.0,6,261.0,26.0,28.0,171,278.0,998.0,257.0,83.0,9.0,13.0,181.0,182,1
86,89,41.0,84.0,141.0,58.0,9,149.0,45.0,19.0,145,172.0,330.0,162.0,72.0,4.0,18.0,188.0,200,2
87,86,37.0,60.0,115.0,54.0,5,119.0,56.0,17.0,132,141.0,209.0,129.0,72.0,2.0,8.0,186.0,190,2
88,91,42.0,84.0,209.0,75.0,6,171.0,38.0,20.0,138,189.0,446.0,161.0,69.0,3.0,12.0,196.0,201,1
89,80,37.0,57.0,116.0,55.0,6,125.0,54.0,18.0,125,142.0,229.0,132.0,81.0,8.0,5.0,178.0,184,2
90,104,55.0,107.0,222.0,68.0,11,218.0,31.0,24.0,173,232.0,703.0,229.0,71.0,3.0,10.0,188.0,199,1
91,94,38.0,84.0,158.0,55.0,9,169.0,39.0,20.0,130,196.0,430.0,155.0,69.0,9.0,15.0,190.0,195,2
92,104,52.0,100.0,191.0,59.0,9,197.0,33.0,23.0,158,218.0,583.0,234.0,70.0,10.0,10.0,191.0,198,1
93,94,48.0,87.0,162.0,64.0,10,157.0,43.0,20.0,161,179.0,363.0,186.0,75.0,4.0,15.0,184.0,195,2
94,84,45.0,66.0,154.0,65.0,6,145.0,46.0,19.0,144,168.0,312.0,177.0,73.0,2.0,3.0,184.0,188,2
95,97,50.0,108.0,211.0,65.0,10,214.0,31.0,24.0,156,232.0,683.0,218.0,72.0,7.0,29.0,188.0,197,1
96,89,42.0,80.0,151.0,62.0,6,144.0,46.0,19.0,139,166.0,308.0,170.0,74.0,17.0,13.0,185.0,189,2
97,86,43.0,68.0,152.0,62.0,7,150.0,44.0,19.0,142,179.0,337.0,164.0,75.0,4.0,9.0,188.0,192,2
98,95,46.0,105.0,219.0,68.0,9,201.0,33.0,23.0,148,223.0,602.0,201.0,69.0,5.0,38.0,191.0,202,1
99,87,44.0,65.0,124.0,56.0,6,149.0,46.0,19.0,144,170.0,321.0,171.0,87.0,4.0,12.0,179.0,182,2
100,82,45.0,66.0,252.0,126.0,52,148.0,45.0,19.0,144,237.0,326.0,185.0,119.0,1.0,1.0,181.0,185,1
101,95,42.0,85.0,174.0,66.0,9,153.0,44.0,19.0,144,168.0,347.0,150.0,65.0,11.0,5.0,196.0,204,2
102,94,42.0,68.0,150.0,64.0,7,128.0,52.0,18.0,143,154.0,246.0,159.0,69.0,14.0,5.0,192.0,196,2
103,92,38.0,60.0,130.0,62.0,5,114.0,58.0,17.0,132,135.0,194.0,137.0,72.0,14.0,5.0,190.0,194,2
104,102,45.0,83.0,198.0,65.0,5,194.0,33.0,22.0,146,225.0,576.0,167.0,79.0,0.0,27.0,193.0,191,1
106,99,46.0,105.0,209.0,64.0,11,197.0,34.0,23.0,152,212.0,575.0,159.0,65.0,0.0,33.0,194.0,205,1
107,85,39.0,77.0,151.0,59.0,8,150.0,45.0,19.0,134,176.0,331.0,133.0,73.0,0.0,16.0,184.0,193,2
108,80,44.0,68.0,135.0,59.0,8,150.0,45.0,19.0,145,170.0,329.0,173.0,80.0,7.0,12.0,180.0,185,2
109,99,48.0,79.0,199.0,68.0,6,185.0,35.0,22.0,153,202.0,524.0,171.0,74.0,5.0,8.0,195.0,195,1
110,89,40.0,77.0,159.0,65.0,9,144.0,46.0,19.0,141,168.0,314.0,143.0,70.0,0.0,5.0,190.0,200,2
111,94,48.0,83.0,162.0,64.0,10,156.0,43.0,19.0,153,177.0,357.0,187.0,74.0,4.0,14.0,185.0,196,2
112,77,38.0,75.0,144.0,59.0,6,147.0,46.0,19.0,132,167.0,315.0,136.0,80.0,16.0,20.0,181.0,187,2
113,88,35.0,50.0,121.0,58.0,5,114.0,59.0,17.0,122,132.0,192.0,138.0,74.0,21.0,4.0,182.0,187,2
114,93,43.0,85.0,133.0,54.0,10,155.0,44.0,19.0,153,174.0,351.0,165.0,75.0,12.0,13.0,184.0,196,2
115,95,47.0,88.0,162.0,64.0,11,159.0,43.0,20.0,157,176.0,371.0,185.0,71.0,12.0,13.0,189.0,198,2
116,100,45.0,100.0,209.0,65.0,8,201.0,32.0,23.0,147,231.0,611.0,189.0,72.0,5.0,5.0,189.0,195,1
117,109,53.0,109.0,221.0,69.0,12,221.0,31.0,25.0,169,226.0,712.0,212.0,72.0,13.0,28.0,188.0,201,1
119,93,49.0,79.0,180.0,65.0,7,173.0,37.0,21.0,158,189.0,463.0,194.0,70.0,5.0,10.0,197.0,202,2
120,89,37.0,54.0,119.0,53.0,5,134.0,50.0,18.0,127,151.0,266.0,146.0,79.0,16.0,14.0,184.0,185,2
121,90,48.0,78.0,142.0,59.0,11,160.0,43.0,20.0,160,173.0,370.0,185.0,76.0,10.0,11.0,183.0,192,2
122,92,40.0,82.0,163.0,63.0,9,146.0,45.0,19.0,140,165.0,319.0,137.0,64.0,9.0,0.0,199.0,206,2
123,90,36.0,57.0,130.0,57.0,6,121.0,56.0,17.0,127,137.0,216.0,132.0,68.0,22.0,23.0,190.0,195,2
124,85,45.0,71.0,150.0,63.0,8,143.0,46.0,19.0,147,171.0,307.0,179.0,72.0,2.0,3.0,187.0,196,2
125,90,46.0,80.0,143.0,62.0,11,159.0,43.0,20.0,156,169.0,366.0,186.0,74.0,17.0,7.0,185.0,193,2
126,89,42.0,70.0,148.0,62.0,7,147.0,45.0,19.0,143,176.0,323.0,153.0,76.0,2.0,6.0,186.0,189,2
127,85,41.0,66.0,155.0,65.0,22,149.0,45.0,19.0,139,173.0,330.0,155.0,75.0,6.0,16.0,184.0,191,2
128,97,45.0,88.0,173.0,67.0,10,157.0,43.0,20.0,157,173.0,365.0,157.0,67.0,8.0,12.0,192.0,200,2
129,100,48.0,95.0,209.0,68.0,7,199.0,32.0,23.0,150,216.0,605.0,200.0,73.0,7.0,11.0,192.0,194,1
130,100,46.0,104.0,184.0,60.0,9,197.0,34.0,23.0,147,222.0,578.0,198.0,73.0,13.0,13.0,189.0,197,1
131,86,36.0,77.0,165.0,60.0,7,150.0,45.0,19.0,128,174.0,331.0,131.0,66.0,0.0,32.0,196.0,203,2
132,97,42.0,101.0,186.0,59.0,9,186.0,36.0,22.0,138,208.0,511.0,168.0,67.0,7.0,41.0,194.0,206,2
133,98,39.0,68.0,121.0,49.0,7,134.0,51.0,18.0,142,164.0,261.0,134.0,75.0,4.0,1.0,186.0,186,2
134,102,54.0,100.0,163.0,53.0,10,213.0,31.0,24.0,173,219.0,669.0,201.0,76.0,12.0,27.0,187.0,195,1
135,89,47.0,83.0,322.0,133.0,48,158.0,43.0,20.0,163,229.0,364.0,176.0,97.0,0.0,14.0,184.0,194,1
136,86,48.0,75.0,136.0,58.0,10,161.0,43.0,20.0,163,170.0,371.0,185.0,75.0,3.0,1.0,183.0,192,2
137,87,42.0,64.0,150.0,64.0,10,133.0,50.0,18.0,142,157.0,264.0,159.0,67.0,7.0,1.0,193.0,201,2
138,88,37.0,63.0,130.0,58.0,5,125.0,54.0,18.0,130,141.0,230.0,145.0,74.0,14.0,20.0,184.0,188,2
139,91,42.0,80.0,162.0,66.0,8,148.0,44.0,19.0,145,171.0,331.0,147.0,70.0,3.0,5.0,189.0,199,2
140,90,37.0,80.0,171.0,58.0,9,157.0,42.0,20.0,132,172.0,373.0,115.0,60.0,3.0,18.0,201.0,209,2
142,106,49.0,107.0,194.0,57.0,11,214.0,31.0,24.0,161,224.0,670.0,172.0,67.0,0.0,39.0,192.0,206,1
143,80,43.0,68.0,120.0,54.0,8,150.0,45.0,19.0,145,171.0,329.0,176.0,85.0,4.0,8.0,179.0,183,2
144,95,45.0,80.0,186.0,62.0,7,164.0,40.0,20.0,145,188.0,406.0,178.0,65.0,11.0,18.0,199.0,204,2
145,103,54.0,107.0,218.0,64.0,12,222.0,30.0,25.0,174,221.0,728.0,199.0,67.0,0.0,18.0,189.0,200,1
146,100,46.0,85.0,164.0,64.0,11,163.0,42.0,20.0,163,176.0,387.0,170.0,71.0,18.0,0.0,189.0,196,2
147,91,40.0,76.0,171.0,67.0,7,149.0,44.0,19.0,135,169.0,332.0,144.0,68.0,4.0,17.0,192.0,200,2
148,90,43.0,72.0,172.0,59.0,8,154.0,42.0,19.0,144,174.0,360.0,158.0,61.0,15.0,9.0,203.0,209,2
149,93,36.0,64.0,165.0,69.0,8,136.0,49.0,18.0,136,161.0,279.0,127.0,67.0,2.0,29.0,193.0,204,2
150,104,50.0,96.0,211.0,65.0,10,187.0,35.0,22.0,156,207.0,527.0,195.0,65.0,3.0,7.0,195.0,206,1
151,94,44.0,84.0,216.0,74.0,6,184.0,35.0,22.0,145,208.0,525.0,154.0,73.0,4.0,22.0,196.0,197,1
152,93,35.0,72.0,172.0,62.0,7,149.0,44.0,19.0,124,169.0,334.0,125.0,62.0,5.0,30.0,203.0,210,2
153,106,49.0,106.0,211.0,64.0,9,208.0,32.0,24.0,158,224.0,645.0,184.0,68.0,1.0,24.0,190.0,202,1
154,89,40.0,79.0,154.0,64.0,9,144.0,46.0,19.0,139,168.0,311.0,149.0,71.0,8.0,7.0,188.0,197,2
155,110,56.0,103.0,223.0,64.0,5,250.0,26.0,27.0,169,280.0,928.0,239.0,85.0,4.0,6.0,184.0,183,1
156,85,36.0,78.0,149.0,55.0,7,147.0,45.0,19.0,128,168.0,321.0,134.0,64.0,10.0,24.0,197.0,203,2
157,93,42.0,70.0,131.0,56.0,7,127.0,53.0,18.0,145,156.0,240.0,152.0,74.0,5.0,4.0,189.0,190,2
158,87,39.0,74.0,152.0,58.0,6,151.0,44.0,19.0,136,174.0,337.0,140.0,70.0,1.0,33.0,187.0,196,2
160,82,38.0,53.0,125.0,59.0,5,133.0,51.0,18.0,128,152.0,259.0,146.0,87.0,0.0,0.0,177.0,183,2
161,107,52.0,101.0,218.0,64.0,11,202.0,33.0,23.0,164,219.0,610.0,192.0,65.0,17.0,2.0,197.0,206,1
162,98,39.0,81.0,191.0,64.0,9,166.0,40.0,20.0,138,184.0,415.0,131.0,62.0,8.0,19.0,197.0,205,2
163,85,40.0,72.0,139.0,59.0,5,132.0,50.0,18.0,135,159.0,260.0,150.0,68.0,3.0,9.0,191.0,195,2
164,98,54.0,104.0,186.0,59.0,10,213.0,32.0,24.0,172,223.0,665.0,217.0,73.0,1.0,26.0,186.0,195,1
165,103,54.0,91.0,179.0,57.0,11,220.0,31.0,25.0,170,220.0,707.0,198.0,72.0,1.0,32.0,186.0,198,1
166,92,36.0,78.0,165.0,57.0,8,153.0,43.0,19.0,128,169.0,349.0,124.0,60.0,4.0,19.0,203.0,211,2
167,110,51.0,104.0,191.0,57.0,12,213.0,31.0,24.0,162,226.0,674.0,190.0,68.0,18.0,2.0,191.0,199,1
168,82,45.0,68.0,139.0,64.0,6,147.0,46.0,19.0,143,169.0,320.0,184.0,80.0,0.0,1.0,181.0,184,2
169,98,38.0,70.0,125.0,52.0,8,130.0,53.0,18.0,139,157.0,243.0,132.0,74.0,0.0,13.0,186.0,185,2
170,108,51.0,103.0,197.0,60.0,11,211.0,31.0,24.0,160,222.0,661.0,187.0,67.0,7.0,3.0,190.0,200,1
171,106,54.0,103.0,161.0,47.0,4,247.0,27.0,27.0,166,266.0,892.0,242.0,85.0,4.0,11.0,181.0,183,1
172,94,45.0,81.0,166.0,67.0,9,145.0,46.0,19.0,147,164.0,313.0,179.0,66.0,11.0,14.0,194.0,202,2
173,96,49.0,98.0,187.0,59.0,6,213.0,31.0,24.0,152,228.0,680.0,210.0,77.0,8.0,28.0,188.0,189,1
174,93,48.0,84.0,150.0,63.0,11,156.0,44.0,20.0,165,171.0,354.0,188.0,73.0,8.0,15.0,185.0,195,2
175,88,40.0,78.0,186.0,73.0,6,158.0,41.0,20.0,134,185.0,379.0,148.0,73.0,1.0,11.0,193.0,197,2
176,84,39.0,90.0,180.0,60.0,7,177.0,37.0,21.0,131,209.0,469.0,145.0,71.0,4.0,38.0,190.0,198,2
178,93,37.0,73.0,174.0,68.0,7,151.0,43.0,19.0,131,175.0,347.0,135.0,68.0,1.0,22.0,196.0,205,2
179,89,44.0,70.0,137.0,58.0,6,136.0,49.0,18.0,146,168.0,273.0,166.0,78.0,10.0,3.0,186.0,187,2
180,102,54.0,106.0,221.0,68.0,11,207.0,32.0,24.0,164,228.0,638.0,238.0,71.0,0.0,26.0,189.0,200,1
181,78,36.0,60.0,116.0,56.0,6,123.0,55.0,17.0,124,141.0,221.0,121.0,78.0,3.0,16.0,178.0,185,2
182,91,42.0,66.0,169.0,66.0,7,145.0,44.0,19.0,140,169.0,325.0,159.0,67.0,4.0,0.0,201.0,207,2
183,84,35.0,53.0,122.0,57.0,4,116.0,59.0,17.0,123,135.0,196.0,128.0,76.0,10.0,27.0,183.0,190,2
184,103,46.0,106.0,209.0,66.0,10,203.0,33.0,23.0,149,217.0,612.0,210.0,70.0,9.0,10.0,191.0,199,1
185,100,41.0,75.0,205.0,71.0,5,176.0,36.0,21.0,138,204.0,479.0,151.0,72.0,7.0,19.0,197.0,197,1
186,91,42.0,81.0,193.0,69.0,5,169.0,38.0,20.0,137,184.0,434.0,156.0,68.0,3.0,23.0,198.0,204,2
187,98,45.0,76.0,166.0,60.0,7,157.0,42.0,20.0,148,184.0,371.0,186.0,69.0,13.0,10.0,190.0,196,2
188,101,51.0,105.0,212.0,68.0,10,209.0,32.0,24.0,162,222.0,653.0,224.0,73.0,5.0,23.0,186.0,195,1
189,90,36.0,78.0,179.0,64.0,8,157.0,42.0,19.0,126,182.0,367.0,142.0,66.0,1.0,20.0,192.0,198,2
190,97,48.0,94.0,198.0,63.0,9,181.0,36.0,21.0,155,200.0,494.0,189.0,64.0,20.0,11.0,199.0,203,2
191,87,40.0,81.0,162.0,68.0,10,146.0,46.0,19.0,139,167.0,317.0,157.0,70.0,0.0,13.0,189.0,199,2
193,107,55.0,98.0,199.0,59.0,7,240.0,27.0,26.0,168,258.0,866.0,245.0,80.0,3.0,1.0,186.0,184,1
194,92,37.0,86.0,167.0,60.0,7,158.0,42.0,20.0,131,181.0,373.0,144.0,68.0,9.0,21.0,190.0,196,2
195,86,43.0,66.0,130.0,56.0,7,152.0,44.0,19.0,142,177.0,340.0,173.0,81.0,6.0,14.0,181.0,185,2
196,107,56.0,104.0,231.0,71.0,11,219.0,31.0,25.0,172,226.0,705.0,217.0,71.0,19.0,11.0,189.0,196,1
197,82,44.0,72.0,150.0,64.0,7,154.0,44.0,19.0,144,181.0,350.0,177.0,80.0,0.0,16.0,183.0,187,2
198,81,46.0,71.0,130.0,56.0,7,153.0,44.0,19.0,149,172.0,342.0,191.0,81.0,3.0,14.0,180.0,186,2
199,82,44.0,72.0,136.0,61.0,7,147.0,46.0,19.0,143,173.0,317.0,183.0,81.0,6.0,17.0,181.0,185,2
200,93,47.0,85.0,163.0,66.0,11,156.0,44.0,20.0,158,172.0,355.0,178.0,74.0,7.0,15.0,183.0,195,2
201,90,36.0,74.0,171.0,60.0,8,157.0,42.0,19.0,128,177.0,367.0,123.0,61.0,6.0,21.0,197.0,204,2
202,111,54.0,103.0,171.0,50.0,11,221.0,30.0,25.0,172,227.0,727.0,201.0,69.0,15.0,6.0,190.0,198,1
203,103,55.0,100.0,194.0,62.0,11,212.0,31.0,24.0,175,217.0,666.0,219.0,73.0,10.0,14.0,187.0,194,1
204,89,40.0,58.0,137.0,58.0,7,122.0,54.0,17.0,140,146.0,225.0,150.0,63.0,7.0,4.0,199.0,206,2
205,87,47.0,81.0,149.0,62.0,9,147.0,45.0,19.0,152,171.0,325.0,181.0,72.0,0.0,6.0,188.0,198,2
206,92,46.0,79.0,176.0,64.0,8,162.0,41.0,20.0,149,183.0,396.0,178.0,67.0,2.0,10.0,191.0,198,2
208,86,46.0,70.0,149.0,65.0,8,149.0,45.0,19.0,146,170.0,331.0,185.0,77.0,6.0,6.0,183.0,188,2
209,101,56.0,100.0,168.0,55.0,11,214.0,31.0,24.0,175,219.0,681.0,224.0,74.0,2.0,3.0,185.0,192,1
210,94,39.0,89.0,194.0,62.0,9,172.0,38.0,21.0,135,191.0,444.0,121.0,63.0,4.0,23.0,201.0,209,2
211,86,37.0,69.0,150.0,63.0,8,138.0,48.0,18.0,134,163.0,284.0,124.0,71.0,1.0,6.0,189.0,195,2
212,90,41.0,71.0,169.0,68.0,7,150.0,44.0,19.0,138,175.0,336.0,157.0,71.0,3.0,18.0,192.0,197,2
213,104,49.0,89.0,168.0,54.0,4,212.0,31.0,24.0,153,238.0,682.0,198.0,78.0,1.0,23.0,190.0,189,1
214,89,36.0,72.0,141.0,56.0,7,138.0,48.0,18.0,126,163.0,286.0,130.0,72.0,1.0,1.0,187.0,192,2
216,84,44.0,77.0,150.0,59.0,5,152.0,44.0,19.0,143,175.0,344.0,177.0,77.0,8.0,2.0,183.0,187,2
217,104,57.0,103.0,216.0,69.0,11,219.0,30.0,25.0,176,228.0,708.0,219.0,73.0,4.0,3.0,186.0,196,1
218,83,44.0,68.0,144.0,61.0,8,147.0,45.0,19.0,143,170.0,325.0,180.0,74.0,1.0,1.0,185.0,191,2
219,85,39.0,57.0,126.0,56.0,6,114.0,58.0,17.0,135,134.0,195.0,145.0,64.0,17.0,7.0,197.0,202,2
220,99,55.0,101.0,206.0,62.0,13,222.0,30.0,25.0,180,225.0,722.0,213.0,71.0,2.0,3.0,186.0,196,1
221,88,44.0,85.0,139.0,56.0,11,157.0,43.0,20.0,155,176.0,363.0,175.0,76.0,5.0,16.0,184.0,195,2
223,81,44.0,72.0,139.0,60.0,6,153.0,44.0,19.0,146,180.0,347.0,178.0,81.0,1.0,15.0,182.0,186,2
224,86,41.0,66.0,133.0,56.0,6,136.0,49.0,18.0,136,155.0,274.0,162.0,74.0,5.0,14.0,183.0,189,2
225,93,41.0,79.0,159.0,63.0,8,144.0,46.0,19.0,150,165.0,309.0,134.0,67.0,4.0,9.0,195.0,203,2
226,107,54.0,98.0,210.0,66.0,11,218.0,31.0,24.0,169,221.0,704.0,216.0,71.0,14.0,0.0,188.0,197,1
227,94,35.0,66.0,147.0,62.0,9,131.0,50.0,18.0,127,159.0,258.0,115.0,66.0,8.0,7.0,196.0,201,2
228,105,54.0,106.0,215.0,68.0,10,208.0,32.0,24.0,166,217.0,640.0,218.0,69.0,14.0,23.0,189.0,199,1
229,86,41.0,64.0,148.0,61.0,5,150.0,45.0,19.0,138,165.0,333.0,173.0,80.0,5.0,8.0,182.0,185,2
230,85,35.0,47.0,110.0,55.0,3,117.0,57.0,17.0,122,136.0,203.0,139.0,89.0,5.0,9.0,180.0,184,2
231,85,33.0,40.0,115.0,57.0,3,112.0,61.0,17.0,119,130.0,184.0,127.0,86.0,12.0,21.0,181.0,183,2
232,81,44.0,68.0,120.0,53.0,6,151.0,45.0,19.0,147,170.0,333.0,178.0,86.0,4.0,5.0,179.0,183,2
233,100,52.0,104.0,189.0,59.0,10,208.0,32.0,24.0,163,220.0,642.0,197.0,70.0,1.0,22.0,187.0,198,1
234,93,42.0,64.0,158.0,68.0,9,134.0,49.0,18.0,142,163.0,268.0,170.0,71.0,7.0,13.0,192.0,201,2
235,90,48.0,78.0,134.0,56.0,11,160.0,43.0,20.0,167,169.0,366.0,185.0,76.0,1.0,14.0,182.0,192,2
236,96,37.0,74.0,199.0,74.0,5,165.0,39.0,20.0,128,188.0,419.0,136.0,72.0,1.0,3.0,196.0,200,2
238,100,55.0,101.0,189.0,57.0,10,222.0,30.0,25.0,177,225.0,731.0,211.0,71.0,7.0,17.0,188.0,197,1
239,79,47.0,74.0,141.0,61.0,7,153.0,43.0,19.0,149,175.0,349.0,199.0,77.0,6.0,10.0,183.0,189,2
240,89,36.0,77.0,172.0,62.0,8,157.0,42.0,19.0,125,174.0,367.0,126.0,63.0,5.0,22.0,198.0,205,2
241,93,45.0,73.0,164.0,59.0,7,159.0,42.0,20.0,146,182.0,379.0,188.0,65.0,11.0,15.0,195.0,201,2
242,85,42.0,59.0,132.0,58.0,7,149.0,46.0,19.0,144,166.0,320.0,172.0,83.0,8.0,4.0,179.0,182,2
243,101,55.0,108.0,228.0,69.0,12,215.0,31.0,24.0,168,229.0,684.0,214.0,71.0,2.0,16.0,188.0,199,1
244,85,47.0,75.0,121.0,53.0,9,157.0,44.0,20.0,165,168.0,358.0,176.0,77.0,1.0,7.0,182.0,191,2
245,93,41.0,75.0,124.0,51.0,7,140.0,49.0,18.0,141,164.0,284.0,149.0,77.0,5.0,15.0,184.0,185,2
246,95,36.0,73.0,191.0,73.0,6,156.0,41.0,19.0,126,184.0,374.0,124.0,71.0,2.0,19.0,199.0,204,2
247,91,39.0,83.0,176.0,59.0,7,169.0,39.0,20.0,132,190.0,426.0,142.0,67.0,0.0,24.0,192.0,199,2
248,103,55.0,103.0,211.0,65.0,11,212.0,31.0,24.0,165,229.0,673.0,249.0,72.0,5.0,16.0,188.0,196,1
250,95,38.0,66.0,126.0,52.0,8,133.0,52.0,18.0,140,158.0,253.0,140.0,78.0,11.0,8.0,184.0,183,2
251,104,58.0,103.0,230.0,69.0,11,219.0,30.0,25.0,176,231.0,716.0,246.0,71.0,7.0,4.0,187.0,196,1
252,84,44.0,80.0,140.0,58.0,11,156.0,44.0,20.0,157,166.0,349.0,176.0,74.0,5.0,17.0,183.0,193,2
253,94,43.0,68.0,170.0,67.0,6,142.0,46.0,18.0,142,164.0,310.0,177.0,65.0,10.0,8.0,198.0,203,2
254,93,47.0,85.0,161.0,65.0,12,155.0,43.0,19.0,157,179.0,354.0,178.0,76.0,2.0,9.0,184.0,196,2
255,112,50.0,110.0,186.0,56.0,11,214.0,31.0,24.0,159,232.0,676.0,203.0,71.0,18.0,27.0,191.0,202,1
256,91,36.0,77.0,157.0,56.0,7,155.0,42.0,19.0,126,177.0,361.0,123.0,65.0,8.0,15.0,195.0,201,2
257,92,43.0,69.0,158.0,56.0,7,149.0,44.0,19.0,143,170.0,333.0,168.0,63.0,14.0,18.0,198.0,203,2
258,99,48.0,104.0,196.0,63.0,10,201.0,33.0,23.0,152,221.0,604.0,199.0,73.0,8.0,4.0,188.0,197,1
259,98,58.0,101.0,208.0,65.0,12,226.0,30.0,25.0,182,225.0,748.0,216.0,71.0,6.0,1.0,185.0,196,1
260,83,37.0,54.0,118.0,55.0,4,129.0,52.0,18.0,127,146.0,245.0,140.0,81.0,4.0,13.0,180.0,184,2
261,91,39.0,88.0,189.0,63.0,9,175.0,38.0,21.0,132,197.0,457.0,156.0,69.0,0.0,23.0,191.0,198,2
262,89,40.0,60.0,131.0,56.0,6,118.0,56.0,17.0,137,143.0,209.0,153.0,65.0,10.0,8.0,193.0,199,2
263,89,35.0,70.0,138.0,58.0,7,126.0,53.0,17.0,128,147.0,237.0,112.0,64.0,4.0,19.0,199.0,207,2
264,103,49.0,100.0,194.0,60.0,10,185.0,35.0,22.0,160,202.0,518.0,178.0,62.0,13.0,8.0,198.0,208,1
265,80,45.0,71.0,128.0,56.0,7,151.0,45.0,19.0,147,171.0,337.0,176.0,79.0,3.0,16.0,181.0,187,2
267,100,46.0,81.0,187.0,61.0,9,166.0,40.0,20.0,154,189.0,415.0,175.0,63.0,13.0,9.0,198.0,207,2
268,86,39.0,60.0,140.0,60.0,7,119.0,55.0,17.0,134,140.0,212.0,141.0,61.0,7.0,8.0,200.0,207,2
269,83,37.0,62.0,113.0,53.0,6,122.0,55.0,17.0,129,143.0,218.0,135.0,79.0,0.0,7.0,181.0,185,2
270,82,45.0,68.0,150.0,69.0,5,148.0,45.0,19.0,144,169.0,322.0,184.0,80.0,5.0,0.0,181.0,184,2
271,93,47.0,88.0,200.0,66.0,7,173.0,38.0,21.0,151,197.0,452.0,205.0,66.0,0.0,3.0,195.0,202,1
272,91,43.0,88.0,157.0,61.0,9,149.0,45.0,19.0,157,165.0,326.0,140.0,64.0,1.0,26.0,197.0,207,2
274,107,57.0,106.0,179.0,51.0,8,257.0,26.0,28.0,172,275.0,954.0,232.0,83.0,2.0,20.0,181.0,184,1
275,87,44.0,70.0,179.0,75.0,6,146.0,45.0,19.0,141,167.0,326.0,178.0,69.0,6.0,1.0,194.0,201,2
276,83,46.0,73.0,137.0,59.0,6,148.0,45.0,19.0,146,167.0,327.0,183.0,75.0,8.0,0.0,185.0,191,2
277,86,41.0,66.0,129.0,55.0,7,135.0,50.0,18.0,136,154.0,266.0,165.0,74.0,3.0,4.0,180.0,187,2
278,109,54.0,109.0,225.0,68.0,11,214.0,31.0,24.0,169,226.0,675.0,212.0,68.0,11.0,32.0,189.0,202,1
279,94,37.0,73.0,186.0,71.0,7,154.0,42.0,19.0,127,171.0,362.0,132.0,67.0,2.0,8.0,197.0,206,2
280,100,44.0,93.0,193.0,62.0,8,186.0,35.0,22.0,147,202.0,521.0,151.0,66.0,0.0,2.0,193.0,198,1
281,82,43.0,73.0,154.0,65.0,7,151.0,44.0,19.0,143,178.0,341.0,160.0,76.0,5.0,11.0,185.0,189,2
282,86,46.0,73.0,125.0,57.0,6,151.0,45.0,19.0,147,170.0,334.0,188.0,82.0,9.0,11.0,180.0,184,2
283,116,53.0,110.0,231.0,67.0,12,217.0,31.0,24.0,165,231.0,692.0,222.0,67.0,16.0,28.0,192.0,206,1
284,89,46.0,77.0,125.0,52.0,10,156.0,44.0,20.0,160,171.0,351.0,177.0,78.0,7.0,17.0,183.0,191,2
286,83,41.0,70.0,155.0,65.0,7,144.0,46.0,19.0,141,168.0,309.0,147.0,71.0,4.0,12.0,188.0,195,2
288,96,47.0,103.0,215.0,69.0,10,200.0,33.0,23.0,147,220.0,598.0,200.0,73.0,6.0,6.0,187.0,194,1
289,88,37.0,57.0,132.0,62.0,6,135.0,50.0,18.0,125,151.0,265.0,144.0,83.0,16.0,16.0,180.0,184,2
290,98,38.0,66.0,130.0,55.0,7,130.0,51.0,18.0,138,160.0,251.0,123.0,69.0,3.0,12.0,191.0,194,2
291,89,45.0,81.0,246.0,102.0,43,155.0,44.0,20.0,160,200.0,347.0,177.0,90.0,9.0,17.0,183.0,192,1
292,87,42.0,76.0,159.0,65.0,5,155.0,42.0,19.0,138,184.0,362.0,157.0,76.0,6.0,12.0,189.0,193,2
293,93,36.0,63.0,139.0,57.0,8,132.0,50.0,18.0,136,158.0,260.0,121.0,67.0,3.0,27.0,193.0,201,2
294,109,55.0,102.0,169.0,51.0,6,241.0,27.0,26.0,165,265.0,870.0,247.0,84.0,10.0,11.0,184.0,183,1
295,90,38.0,75.0,164.0,64.0,7,151.0,43.0,19.0,131,168.0,345.0,139.0,66.0,0.0,0.0,195.0,204,2
296,98,52.0,86.0,207.0,69.0,5,192.0,33.0,22.0,161,212.0,570.0,221.0,75.0,4.0,6.0,194.0,195,1
297,82,37.0,66.0,126.0,54.0,7,132.0,52.0,18.0,127,148.0,252.0,142.0,72.0,17.0,7.0,183.0,187,2
298,91,40.0,98.0,192.0,64.0,9,177.0,38.0,21.0,135,194.0,465.0,165.0,66.0,9.0,35.0,195.0,205,2
299,98,40.0,77.0,171.0,61.0,6,172.0,37.0,21.0,139,197.0,457.0,141.0,72.0,4.0,17.0,199.0,201,2
300,106,53.0,98.0,193.0,60.0,10,215.0,31.0,24.0,169,224.0,681.0,218.0,73.0,8.0,21.0,188.0,197,1
301,93,43.0,78.0,166.0,59.0,7,151.0,44.0,19.0,141,182.0,342.0,174.0,68.0,15.0,2.0,193.0,197,2
302,94,37.0,72.0,193.0,72.0,6,158.0,41.0,19.0,133,184.0,385.0,127.0,70.0,0.0,14.0,200.0,204,2
303,89,36.0,68.0,149.0,60.0,8,133.0,50.0,18.0,134,153.0,265.0,119.0,62.0,6.0,18.0,201.0,209,2
304,85,45.0,70.0,130.0,58.0,8,151.0,45.0,19.0,146,171.0,334.0,187.0,79.0,2.0,5.0,181.0,186,2
305,86,45.0,73.0,152.0,63.0,6,149.0,44.0,19.0,145,170.0,335.0,176.0,71.0,6.0,1.0,189.0,196,2
306,106,48.0,107.0,202.0,61.0,10,207.0,32.0,24.0,153,227.0,635.0,200.0,70.0,5.0,28.0,190.0,203,1
307,107,52.0,103.0,186.0,57.0,11,214.0,31.0,24.0,162,217.0,676.0,189.0,66.0,6.0,5.0,189.0,198,1
309,109,48.0,107.0,215.0,62.0,10,205.0,32.0,23.0,158,222.0,624.0,168.0,65.0,9.0,32.0,195.0,206,1
310,90,50.0,90.0,188.0,61.0,10,181.0,36.0,21.0,158,211.0,492.0,220.0,69.0,6.0,19.0,191.0,199,2
311,93,45.0,83.0,142.0,56.0,10,157.0,43.0,20.0,155,180.0,364.0,188.0,75.0,1.0,21.0,184.0,197,2
312,82,41.0,70.0,155.0,64.0,7,148.0,45.0,19.0,138,172.0,328.0,152.0,72.0,5.0,17.0,187.0,195,2
313,96,52.0,104.0,222.0,67.0,9,198.0,33.0,23.0,163,217.0,589.0,226.0,67.0,12.0,20.0,192.0,201,1
314,90,42.0,63.0,126.0,55.0,7,152.0,45.0,19.0,142,173.0,336.0,173.0,81.0,0.0,15.0,180.0,184,2
315,93,40.0,62.0,117.0,49.0,7,131.0,52.0,18.0,145,160.0,249.0,156.0,78.0,8.0,6.0,184.0,184,2
316,91,41.0,66.0,131.0,56.0,9,126.0,53.0,18.0,144,159.0,237.0,155.0,72.0,3.0,10.0,191.0,194,2
317,95,45.0,105.0,208.0,64.0,10,187.0,36.0,22.0,150,202.0,520.0,158.0,64.0,7.0,32.0,198.0,211,1
318,89,37.0,51.0,111.0,54.0,5,120.0,56.0,17.0,127,138.0,213.0,147.0,82.0,7.0,4.0,181.0,183,2
320,105,54.0,100.0,220.0,69.0,10,221.0,30.0,25.0,170,232.0,718.0,202.0,73.0,0.0,13.0,187.0,199,1
321,113,57.0,109.0,194.0,56.0,6,260.0,26.0,28.0,175,288.0,982.0,261.0,85.0,11.0,21.0,182.0,183,1
322,87,43.0,65.0,127.0,56.0,8,149.0,46.0,19.0,143,169.0,322.0,171.0,85.0,6.0,3.0,180.0,182,2
323,98,51.0,96.0,203.0,66.0,10,188.0,35.0,22.0,157,207.0,533.0,231.0,68.0,10.0,1.0,191.0,199,1
324,94,38.0,88.0,179.0,60.0,7,170.0,39.0,21.0,131,188.0,435.0,144.0,66.0,2.0,28.0,195.0,204,2
325,82,44.0,63.0,123.0,54.0,7,151.0,45.0,19.0,147,166.0,329.0,185.0,81.0,3.0,4.0,179.0,182,2
326,106,49.0,96.0,201.0,61.0,10,181.0,36.0,21.0,158,197.0,494.0,180.0,62.0,19.0,15.0,202.0,209,2
327,89,44.0,82.0,136.0,54.0,6,149.0,45.0,19.0,144,170.0,332.0,168.0,68.0,10.0,14.0,188.0,193,2
328,93,43.0,88.0,170.0,66.0,9,150.0,45.0,19.0,147,164.0,334.0,143.0,65.0,2.0,17.0,196.0,206,2
330,98,44.0,78.0,160.0,63.0,8,142.0,47.0,18.0,148,160.0,300.0,171.0,63.0,19.0,2.0,201.0,207,2
331,104,52.0,96.0,188.0,59.0,9,188.0,35.0,22.0,161,206.0,530.0,205.0,67.0,11.0,8.0,193.0,200,1
332,99,57.0,109.0,220.0,66.0,11,221.0,30.0,25.0,176,234.0,725.0,236.0,70.0,10.0,25.0,188.0,200,1
333,86,42.0,65.0,125.0,54.0,7,150.0,45.0,19.0,140,171.0,327.0,172.0,85.0,2.0,8.0,180.0,182,2
334,107,57.0,102.0,184.0,55.0,7,234.0,28.0,26.0,171,243.0,822.0,229.0,77.0,7.0,11.0,187.0,187,1
335,109,54.0,103.0,205.0,63.0,11,222.0,30.0,25.0,175,229.0,720.0,213.0,71.0,6.0,14.0,187.0,200,1
336,89,44.0,76.0,125.0,54.0,10,156.0,44.0,20.0,151,163.0,352.0,176.0,76.0,12.0,12.0,184.0,193,2
337,99,51.0,88.0,188.0,62.0,5,203.0,32.0,23.0,158,222.0,625.0,219.0,77.0,8.0,26.0,191.0,190,1
338,97,45.0,91.0,161.0,63.0,10,151.0,45.0,19.0,148,166.0,334.0,171.0,65.0,18.0,20.0,197.0,205,2
339,87,41.0,73.0,158.0,64.0,7,151.0,44.0,19.0,138,175.0,341.0,152.0,73.0,3.0,8.0,190.0,194,2
340,89,40.0,72.0,155.0,63.0,7,146.0,45.0,19.0,135,175.0,321.0,145.0,72.0,4.0,10.0,192.0,196,2
341,86,40.0,75.0,146.0,62.0,6,140.0,48.0,18.0,135,158.0,290.0,162.0,72.0,3.0,21.0,183.0,190,2
342,83,37.0,54.0,131.0,61.0,4,135.0,50.0,18.0,127,152.0,271.0,141.0,85.0,3.0,6.0,180.0,183,2
343,102,54.0,101.0,190.0,58.0,10,222.0,30.0,25.0,171,224.0,728.0,203.0,71.0,13.0,6.0,189.0,198,1
344,99,55.0,101.0,219.0,68.0,10,224.0,30.0,25.0,178,228.0,737.0,213.0,74.0,11.0,20.0,187.0,196,1
346,117,52.0,110.0,228.0,65.0,12,212.0,31.0,24.0,163,228.0,668.0,220.0,66.0,21.0,25.0,194.0,205,1
347,88,44.0,77.0,167.0,59.0,6,151.0,44.0,19.0,145,175.0,343.0,177.0,64.0,9.0,12.0,202.0,208,2
348,95,44.0,84.0,158.0,62.0,10,145.0,46.0,19.0,148,163.0,312.0,166.0,64.0,10.0,6.0,199.0,206,2
349,89,40.0,69.0,147.0,58.0,6,132.0,50.0,18.0,137,155.0,260.0,151.0,61.0,16.0,6.0,203.0,209,2
350,97,46.0,101.0,210.0,66.0,8,192.0,35.0,22.0,151,208.0,546.0,169.0,66.0,1.0,32.0,191.0,200,1
351,88,38.0,58.0,137.0,60.0,5,148.0,46.0,19.0,131,163.0,319.0,157.0,86.0,12.0,0.0,180.0,183,2
352,91,46.0,78.0,148.0,61.0,9,147.0,45.0,19.0,152,168.0,323.0,199.0,70.0,13.0,11.0,189.0,200,2
353,81,47.0,69.0,146.0,64.0,6,151.0,44.0,19.0,147,171.0,340.0,195.0,75.0,5.0,0.0,183.0,188,2
354,98,50.0,90.0,192.0,63.0,9,177.0,37.0,21.0,155,195.0,472.0,197.0,65.0,10.0,1.0,193.0,201,2
355,93,42.0,88.0,188.0,62.0,10,183.0,36.0,21.0,141,208.0,504.0,168.0,70.0,3.0,12.0,189.0,197,1
356,91,45.0,76.0,171.0,69.0,7,150.0,44.0,19.0,144,170.0,340.0,179.0,69.0,12.0,1.0,195.0,201,2
357,109,49.0,109.0,193.0,59.0,10,207.0,32.0,24.0,156,225.0,635.0,213.0,70.0,13.0,31.0,191.0,202,1
358,87,45.0,82.0,164.0,60.0,8,156.0,42.0,19.0,144,181.0,366.0,174.0,70.0,2.0,2.0,190.0,196,2
359,100,49.0,96.0,206.0,63.0,9,186.0,35.0,22.0,156,202.0,519.0,176.0,62.0,3.0,5.0,197.0,205,1
360,108,52.0,109.0,182.0,55.0,12,216.0,31.0,24.0,171,229.0,687.0,214.0,72.0,10.0,28.0,189.0,201,1
361,101,46.0,105.0,195.0,61.0,10,198.0,34.0,23.0,150,213.0,578.0,195.0,66.0,7.0,38.0,192.0,205,1
362,95,47.0,81.0,176.0,59.0,7,168.0,39.0,20.0,152,196.0,425.0,185.0,67.0,4.0,4.0,191.0,198,2
363,89,47.0,85.0,147.0,58.0,10,153.0,44.0,19.0,151,175.0,349.0,186.0,74.0,13.0,7.0,186.0,197,2
364,87,45.0,77.0,153.0,59.0,7,154.0,44.0,19.0,145,181.0,350.0,172.0,75.0,15.0,14.0,184.0,189,2
365,108,54.0,105.0,203.0,62.0,11,202.0,33.0,23.0,164,216.0,608.0,235.0,68.0,12.0,3.0,190.0,200,1
366,90,47.0,85.0,149.0,60.0,10,155.0,43.0,19.0,155,179.0,355.0,186.0,75.0,1.0,5.0,185.0,196,2
367,82,37.0,59.0,134.0,63.0,7,135.0,51.0,18.0,128,151.0,264.0,143.0,82.0,11.0,24.0,179.0,185,2
368,84,45.0,68.0,148.0,64.0,6,146.0,46.0,19.0,142,168.0,317.0,180.0,75.0,5.0,1.0,183.0,187,2
369,89,47.0,81.0,156.0,57.0,8,161.0,41.0,20.0,149,187.0,388.0,197.0,72.0,9.0,15.0,187.0,193,2
370,96,41.0,77.0,177.0,64.0,5,177.0,36.0,21.0,134,205.0,485.0,148.0,74.0,0.0,4.0,196.0,198,1
371,97,45.0,72.0,187.0,71.0,5,161.0,40.0,20.0,144,178.0,399.0,186.0,70.0,7.0,7.0,196.0,203,2
373,96,47.0,77.0,204.0,72.0,6,167.0,38.0,20.0,150,188.0,429.0,182.0,69.0,6.0,16.0,199.0,203,2
374,87,36.0,53.0,117.0,58.0,4,118.0,57.0,17.0,125,138.0,205.0,138.0,85.0,9.0,15.0,180.0,183,2
375,109,52.0,95.0,189.0,58.0,4,227.0,29.0,25.0,158,262.0,776.0,217.0,82.0,0.0,19.0,187.0,186,1
376,104,51.0,108.0,193.0,59.0,11,217.0,31.0,24.0,163,232.0,694.0,203.0,72.0,15.0,22.0,190.0,201,1
377,87,37.0,60.0,132.0,57.0,6,128.0,52.0,18.0,129,154.0,243.0,132.0,71.0,1.0,14.0,186.0,192,2
378,82,36.0,54.0,117.0,53.0,7,125.0,54.0,18.0,126,146.0,229.0,128.0,78.0,1.0,5.0,180.0,184,2
379,105,56.0,98.0,209.0,64.0,11,217.0,31.0,24.0,173,225.0,696.0,216.0,72.0,2.0,19.0,188.0,199,1
380,80,39.0,60.0,122.0,56.0,6,139.0,49.0,18.0,131,151.0,281.0,142.0,80.0,0.0,5.0,179.0,186,2
381,106,54.0,100.0,227.0,67.0,4,250.0,27.0,27.0,162,280.0,923.0,262.0,88.0,5.0,11.0,182.0,182,1
382,81,46.0,71.0,141.0,61.0,7,153.0,44.0,19.0,148,177.0,347.0,190.0,80.0,1.0,14.0,182.0,187,2
383,100,51.0,109.0,224.0,67.0,9,217.0,30.0,24.0,162,238.0,704.0,206.0,72.0,6.0,18.0,189.0,199,1
384,88,44.0,71.0,145.0,56.0,8,142.0,48.0,19.0,143,159.0,296.0,174.0,68.0,7.0,18.0,188.0,197,2
385,94,49.0,87.0,159.0,64.0,10,157.0,43.0,20.0,158,179.0,363.0,203.0,75.0,4.0,0.0,183.0,194,2
386,99,43.0,89.0,195.0,63.0,8,186.0,35.0,22.0,144,210.0,521.0,166.0,68.0,6.0,13.0,191.0,199,1
387,90,47.0,85.0,145.0,58.0,9,152.0,44.0,19.0,155,175.0,345.0,184.0,73.0,4.0,2.0,186.0,197,2
388,94,47.0,85.0,333.0,138.0,49,155.0,43.0,19.0,155,320.0,354.0,187.0,135.0,12.0,9.0,188.0,196,1
389,100,57.0,107.0,207.0,63.0,11,227.0,30.0,25.0,180,234.0,756.0,205.0,72.0,6.0,19.0,186.0,198,1
390,86,42.0,65.0,113.0,50.0,8,152.0,45.0,19.0,141,169.0,332.0,171.0,85.0,4.0,16.0,179.0,183,2
391,91,38.0,70.0,160.0,66.0,25,140.0,47.0,18.0,139,162.0,296.0,130.0,67.0,4.0,11.0,192.0,202,2
392,93,44.0,90.0,166.0,65.0,10,153.0,44.0,19.0,156,170.0,348.0,143.0,66.0,9.0,17.0,194.0,203,2
393,86,47.0,75.0,165.0,68.0,6,154.0,43.0,19.0,146,176.0,356.0,190.0,74.0,7.0,3.0,188.0,194,2
394,90,49.0,83.0,187.0,63.0,7,176.0,37.0,21.0,154,205.0,467.0,222.0,70.0,1.0,2.0,189.0,195,1
395,97,37.0,76.0,169.0,60.0,8,161.0,41.0,20.0,131,189.0,391.0,136.0,72.0,0.0,0.0,188.0,192,2
397,89,41.0,75.0,162.0,66.0,5,153.0,43.0,19.0,136,175.0,352.0,154.0,72.0,2.0,0.0,188.0,195,2
398,98,38.0,70.0,186.0,68.0,6,164.0,39.0,20.0,136,189.0,413.0,129.0,71.0,3.0,17.0,200.0,203,2
399,87,42.0,64.0,150.0,64.0,10,133.0,50.0,18.0,141,157.0,265.0,159.0,67.0,7.0,0.0,193.0,201,2
400,107,53.0,108.0,213.0,64.0,12,206.0,32.0,23.0,163,216.0,627.0,202.0,65.0,21.0,22.0,194.0,205,1
401,85,37.0,80.0,158.0,59.0,8,153.0,44.0,19.0,126,179.0,348.0,136.0,69.0,6.0,21.0,191.0,197,2
402,101,52.0,105.0,162.0,53.0,10,212.0,31.0,24.0,163,226.0,669.0,204.0,74.0,12.0,11.0,186.0,194,1
403,96,39.0,77.0,160.0,62.0,8,140.0,47.0,18.0,150,161.0,294.0,124.0,62.0,15.0,3.0,201.0,208,2
404,103,48.0,101.0,204.0,62.0,12,200.0,33.0,23.0,158,215.0,595.0,164.0,66.0,8.0,22.0,192.0,202,1
405,88,40.0,73.0,173.0,68.0,7,150.0,44.0,19.0,137,174.0,341.0,151.0,69.0,2.0,20.0,196.0,200,2
406,80,38.0,64.0,130.0,59.0,8,134.0,51.0,18.0,126,152.0,259.0,135.0,76.0,1.0,23.0,179.0,188,2
407,91,38.0,75.0,136.0,53.0,6,144.0,47.0,19.0,131,165.0,305.0,149.0,69.0,1.0,7.0,186.0,191,2
408,86,45.0,71.0,155.0,66.0,7,146.0,45.0,19.0,144,167.0,322.0,176.0,72.0,5.0,6.0,189.0,196,2
409,86,38.0,86.0,175.0,60.0,9,170.0,39.0,21.0,134,191.0,433.0,138.0,68.0,1.0,28.0,191.0,199,2
410,89,45.0,77.0,188.0,64.0,9,161.0,41.0,20.0,151,190.0,390.0,174.0,66.0,4.0,2.0,194.0,201,2
411,78,36.0,51.0,116.0,56.0,4,120.0,57.0,17.0,124,135.0,209.0,135.0,84.0,1.0,12.0,177.0,184,2
412,80,43.0,71.0,133.0,60.0,7,150.0,45.0,19.0,146,170.0,330.0,176.0,81.0,6.0,15.0,180.0,184,2
413,88,36.0,78.0,160.0,62.0,6,140.0,48.0,18.0,123,161.0,287.0,129.0,66.0,4.0,35.0,194.0,202,2
414,85,45.0,82.0,133.0,56.0,11,159.0,43.0,20.0,156,170.0,362.0,173.0,76.0,10.0,21.0,183.0,193,2
415,101,53.0,108.0,184.0,54.0,12,216.0,31.0,24.0,172,220.0,685.0,187.0,68.0,4.0,24.0,190.0,201,1
416,89,44.0,70.0,158.0,64.0,6,141.0,47.0,18.0,143,164.0,299.0,173.0,66.0,9.0,11.0,193.0,199,2
417,96,36.0,74.0,183.0,70.0,6,149.0,43.0,19.0,127,178.0,341.0,127.0,69.0,0.0,17.0,201.0,205,2
418,87,43.0,70.0,169.0,72.0,7,152.0,44.0,19.0,145,177.0,341.0,171.0,76.0,6.0,12.0,184.0,187,2
420,96,39.0,58.0,117.0,51.0,6,133.0,52.0,18.0,139,154.0,255.0,150.0,86.0,6.0,0.0,181.0,182,2
421,98,48.0,101.0,195.0,61.0,11,207.0,31.0,23.0,152,227.0,650.0,193.0,71.0,5.0,7.0,189.0,196,1
422,90,34.0,66.0,158.0,59.0,7,140.0,47.0,18.0,124,165.0,298.0,117.0,61.0,1.0,3.0,201.0,207,2
423,85,45.0,70.0,120.0,54.0,7,149.0,45.0,19.0,145,169.0,326.0,186.0,81.0,8.0,4.0,181.0,184,2
424,91,41.0,93.0,197.0,65.0,9,183.0,36.0,21.0,137,202.0,504.0,153.0,66.0,11.0,24.0,193.0,200,1
425,89,36.0,69.0,142.0,57.0,7,135.0,50.0,18.0,126,154.0,266.0,128.0,66.0,3.0,36.0,193.0,203,2
426,106,53.0,98.0,203.0,63.0,11,220.0,30.0,25.0,167,228.0,710.0,214.0,71.0,10.0,24.0,188.0,197,1
427,86,38.0,89.0,176.0,59.0,9,169.0,39.0,20.0,132,190.0,428.0,148.0,67.0,7.0,33.0,193.0,202,2
428,112,50.0,104.0,197.0,58.0,11,208.0,32.0,24.0,159,223.0,639.0,186.0,67.0,15.0,22.0,191.0,202,1
429,84,37.0,70.0,145.0,62.0,9,136.0,48.0,18.0,134,159.0,280.0,140.0,68.0,11.0,9.0,194.0,202,2
430,104,53.0,108.0,206.0,61.0,11,217.0,31.0,24.0,168,226.0,694.0,209.0,67.0,0.0,9.0,188.0,201,1
431,99,47.0,91.0,226.0,74.0,5,202.0,32.0,23.0,148,234.0,629.0,186.0,79.0,4.0,11.0,192.0,191,1
432,84,38.0,83.0,141.0,54.0,7,149.0,45.0,19.0,132,177.0,327.0,149.0,74.0,6.0,29.0,185.0,191,2
433,85,42.0,70.0,130.0,56.0,7,150.0,45.0,19.0,145,177.0,328.0,172.0,82.0,10.0,14.0,181.0,185,2
434,104,51.0,105.0,168.0,54.0,10,208.0,32.0,24.0,162,220.0,641.0,221.0,72.0,9.0,20.0,187.0,197,1
435,85,37.0,68.0,145.0,60.0,6,130.0,51.0,18.0,130,150.0,253.0,121.0,65.0,3.0,14.0,195.0,203,2
436,93,42.0,64.0,123.0,51.0,7,135.0,51.0,18.0,144,164.0,262.0,155.0,78.0,16.0,12.0,185.0,185,2
437,84,40.0,71.0,131.0,55.0,7,150.0,45.0,19.0,134,167.0,330.0,165.0,80.0,12.0,1.0,180.0,186,2
438,91,49.0,86.0,195.0,63.0,8,177.0,37.0,21.0,156,203.0,473.0,201.0,67.0,7.0,5.0,192.0,198,2
439,98,47.0,109.0,202.0,59.0,11,199.0,34.0,23.0,154,207.0,586.0,165.0,61.0,1.0,33.0,194.0,208,1
440,101,51.0,98.0,194.0,60.0,10,195.0,34.0,22.0,161,219.0,572.0,219.0,67.0,0.0,10.0,192.0,201,1
441,90,47.0,73.0,136.0,58.0,11,161.0,42.0,20.0,153,172.0,376.0,185.0,77.0,11.0,8.0,183.0,191,2
442,91,36.0,60.0,126.0,56.0,6,119.0,56.0,17.0,130,139.0,211.0,118.0,67.0,6.0,14.0,192.0,198,2
443,99,50.0,88.0,204.0,64.0,10,185.0,35.0,22.0,159,209.0,517.0,193.0,66.0,12.0,11.0,194.0,201,1
444,102,53.0,101.0,238.0,72.0,4,238.0,28.0,26.0,163,267.0,844.0,242.0,85.0,7.0,22.0,184.0,184,1
445,89,46.0,74.0,135.0,59.0,9,157.0,44.0,20.0,158,170.0,356.0,177.0,79.0,12.0,3.0,184.0,191,2
446,101,52.0,101.0,197.0,62.0,9,188.0,35.0,22.0,162,208.0,527.0,203.0,67.0,14.0,15.0,193.0,202,1
447,95,57.0,104.0,228.0,74.0,10,212.0,31.0,24.0,175,224.0,670.0,223.0,74.0,0.0,4.0,186.0,193,1
448,101,53.0,91.0,194.0,65.0,6,204.0,32.0,23.0,161,231.0,636.0,214.0,78.0,5.0,14.0,192.0,192,1
449,91,39.0,82.0,164.0,68.0,10,143.0,46.0,19.0,137,164.0,308.0,158.0,68.0,13.0,9.0,191.0,201,2
450,91,46.0,75.0,185.0,75.0,7,154.0,42.0,19.0,147,178.0,362.0,192.0,72.0,8.0,8.0,192.0,199,2
451,94,37.0,74.0,169.0,59.0,7,162.0,41.0,20.0,133,178.0,394.0,130.0,63.0,6.0,6.0,198.0,204,2
452,92,38.0,74.0,178.0,62.0,9,161.0,41.0,20.0,135,181.0,388.0,132.0,63.0,7.0,29.0,197.0,206,2
453,95,43.0,71.0,159.0,64.0,6,145.0,45.0,19.0,141,169.0,322.0,171.0,67.0,8.0,4.0,195.0,200,2
454,106,52.0,101.0,213.0,64.0,11,201.0,33.0,23.0,158,214.0,607.0,204.0,65.0,2.0,4.0,192.0,204,1
455,81,43.0,68.0,139.0,62.0,7,149.0,46.0,19.0,145,172.0,323.0,171.0,83.0,1.0,14.0,180.0,184,2
456,92,43.0,70.0,124.0,52.0,6,139.0,49.0,18.0,144,164.0,282.0,172.0,79.0,4.0,16.0,183.0,185,2
457,83,45.0,73.0,161.0,68.0,8,142.0,46.0,18.0,144,169.0,305.0,179.0,71.0,10.0,3.0,191.0,199,2
458,103,57.0,105.0,221.0,69.0,11,218.0,30.0,24.0,173,226.0,706.0,250.0,73.0,10.0,2.0,187.0,195,1
459,98,42.0,90.0,192.0,61.0,9,178.0,37.0,21.0,144,189.0,480.0,138.0,61.0,3.0,8.0,199.0,208,1
460,90,41.0,62.0,147.0,60.0,6,128.0,52.0,18.0,141,149.0,246.0,157.0,61.0,13.0,4.0,201.0,208,2
461,106,52.0,107.0,211.0,62.0,8,200.0,33.0,23.0,161,218.0,602.0,200.0,67.0,9.0,17.0,194.0,201,1
462,97,47.0,81.0,183.0,64.0,8,168.0,39.0,20.0,150,193.0,426.0,182.0,70.0,11.0,2.0,192.0,198,2
463,85,40.0,66.0,121.0,52.0,4,152.0,44.0,19.0,133,170.0,340.0,163.0,87.0,13.0,3.0,180.0,183,2
464,100,49.0,80.0,206.0,70.0,6,183.0,35.0,21.0,156,206.0,517.0,198.0,73.0,3.0,13.0,198.0,199,2
465,82,43.0,71.0,154.0,68.0,7,150.0,45.0,19.0,143,171.0,330.0,173.0,78.0,7.0,11.0,181.0,186,2
466,78,43.0,70.0,147.0,65.0,8,147.0,46.0,19.0,145,169.0,319.0,168.0,77.0,1.0,12.0,181.0,186,2
468,105,51.0,108.0,201.0,62.0,11,220.0,30.0,25.0,163,232.0,711.0,202.0,72.0,12.0,16.0,189.0,200,1
469,92,40.0,62.0,144.0,59.0,8,127.0,52.0,17.0,139,149.0,241.0,150.0,62.0,13.0,1.0,204.0,210,2
470,91,44.0,66.0,151.0,63.0,7,137.0,48.0,18.0,146,166.0,280.0,167.0,72.0,1.0,9.0,188.0,194,2
471,104,55.0,109.0,230.0,67.0,12,218.0,30.0,24.0,174,230.0,706.0,226.0,67.0,8.0,22.0,191.0,202,1
472,105,50.0,93.0,173.0,54.0,4,222.0,30.0,25.0,159,254.0,735.0,206.0,83.0,4.0,12.0,186.0,184,1
473,107,56.0,105.0,202.0,61.0,11,221.0,30.0,25.0,179,234.0,725.0,212.0,72.0,15.0,1.0,189.0,196,1
474,82,40.0,73.0,141.0,57.0,8,153.0,44.0,19.0,133,173.0,342.0,153.0,75.0,11.0,9.0,181.0,187,2
475,97,55.0,104.0,219.0,71.0,9,211.0,32.0,24.0,171,222.0,658.0,223.0,74.0,1.0,24.0,186.0,196,1
476,101,55.0,101.0,183.0,57.0,13,225.0,30.0,25.0,177,225.0,741.0,204.0,71.0,5.0,10.0,186.0,198,1
477,89,46.0,78.0,150.0,63.0,11,160.0,43.0,20.0,160,170.0,367.0,176.0,73.0,5.0,9.0,185.0,194,2
478,94,45.0,89.0,213.0,71.0,5,186.0,35.0,22.0,145,204.0,533.0,182.0,71.0,4.0,13.0,195.0,198,1
479,86,42.0,64.0,122.0,54.0,6,148.0,46.0,19.0,143,170.0,319.0,171.0,87.0,1.0,3.0,179.0,182,2
480,104,55.0,100.0,201.0,66.0,10,214.0,31.0,24.0,173,224.0,680.0,221.0,74.0,1.0,1.0,185.0,194,1
481,104,54.0,91.0,209.0,67.0,11,218.0,31.0,24.0,170,223.0,697.0,196.0,74.0,4.0,21.0,187.0,196,1
482,94,46.0,79.0,181.0,62.0,8,167.0,40.0,20.0,148,190.0,418.0,193.0,67.0,12.0,15.0,191.0,198,2
483,86,38.0,76.0,143.0,59.0,8,142.0,47.0,18.0,131,167.0,301.0,138.0,71.0,5.0,10.0,189.0,196,2
484,90,48.0,78.0,143.0,60.0,11,161.0,43.0,20.0,159,172.0,374.0,186.0,75.0,2.0,2.0,184.0,193,2
485,83,46.0,71.0,156.0,70.0,6,151.0,44.0,19.0,147,174.0,338.0,198.0,80.0,3.0,11.0,181.0,186,2
486,104,57.0,103.0,222.0,72.0,12,221.0,30.0,25.0,177,223.0,718.0,218.0,72.0,11.0,12.0,186.0,195,1
487,93,45.0,81.0,177.0,64.0,7,160.0,41.0,20.0,147,180.0,383.0,188.0,70.0,11.0,11.0,192.0,199,2
488,82,39.0,86.0,140.0,54.0,7,153.0,45.0,19.0,134,174.0,338.0,139.0,71.0,11.0,18.0,183.0,189,2
489,102,51.0,108.0,193.0,57.0,10,212.0,31.0,24.0,162,219.0,663.0,184.0,66.0,7.0,21.0,191.0,201,1
490,108,54.0,109.0,189.0,57.0,11,220.0,31.0,25.0,174,229.0,709.0,214.0,70.0,12.0,23.0,189.0,201,1
491,97,45.0,76.0,175.0,60.0,9,157.0,42.0,20.0,149,180.0,370.0,169.0,63.0,16.0,12.0,198.0,206,2
492,85,43.0,66.0,130.0,57.0,6,151.0,45.0,19.0,143,173.0,333.0,168.0,86.0,4.0,9.0,180.0,183,2
493,102,54.0,98.0,177.0,56.0,10,219.0,31.0,25.0,171,219.0,706.0,223.0,72.0,5.0,17.0,186.0,196,1
494,106,54.0,105.0,164.0,48.0,5,247.0,27.0,27.0,165,269.0,891.0,243.0,84.0,12.0,1.0,181.0,182,1
495,94,45.0,72.0,179.0,69.0,6,156.0,41.0,19.0,144,181.0,373.0,191.0,69.0,5.0,5.0,193.0,198,2
497,94,43.0,82.0,136.0,54.0,10,155.0,43.0,19.0,149,176.0,359.0,161.0,74.0,1.0,6.0,186.0,197,2
498,88,36.0,53.0,113.0,57.0,3,118.0,57.0,17.0,128,137.0,204.0,136.0,88.0,7.0,14.0,180.0,183,2
499,102,54.0,98.0,167.0,53.0,10,217.0,31.0,24.0,174,228.0,692.0,223.0,72.0,0.0,31.0,187.0,198,1
500,101,56.0,100.0,204.0,62.0,12,227.0,30.0,25.0,178,231.0,757.0,204.0,73.0,0.0,11.0,186.0,197,1
501,105,54.0,96.0,185.0,57.0,10,219.0,30.0,25.0,170,231.0,706.0,217.0,75.0,5.0,12.0,187.0,195,1
502,86,36.0,66.0,128.0,57.0,8,131.0,52.0,18.0,127,148.0,252.0,139.0,76.0,5.0,27.0,183.0,187,2
503,91,39.0,72.0,133.0,55.0,7,146.0,46.0,19.0,132,170.0,314.0,149.0,77.0,9.0,18.0,184.0,189,2
504,97,46.0,94.0,209.0,67.0,10,195.0,34.0,22.0,147,224.0,573.0,194.0,70.0,0.0,14.0,188.0,197,1
505,115,53.0,100.0,205.0,64.0,11,220.0,30.0,25.0,166,229.0,710.0,214.0,71.0,21.0,11.0,189.0,199,1
506,101,51.0,112.0,201.0,59.0,11,214.0,32.0,24.0,162,223.0,667.0,194.0,65.0,0.0,36.0,190.0,206,1
507,93,35.0,78.0,162.0,60.0,8,150.0,45.0,19.0,125,172.0,331.0,137.0,67.0,2.0,33.0,191.0,198,2
508,95,46.0,92.0,159.0,63.0,11,160.0,42.0,20.0,157,176.0,372.0,171.0,70.0,7.0,21.0,189.0,200,2
509,101,55.0,105.0,182.0,59.0,10,215.0,31.0,24.0,177,221.0,678.0,223.0,74.0,12.0,26.0,186.0,195,1
510,86,43.0,70.0,126.0,56.0,6,148.0,46.0,19.0,145,166.0,317.0,171.0,86.0,6.0,9.0,179.0,182,2
511,88,38.0,77.0,156.0,56.0,7,163.0,41.0,20.0,129,184.0,395.0,140.0,67.0,1.0,9.0,192.0,198,2
512,103,54.0,107.0,189.0,56.0,11,223.0,30.0,25.0,174,225.0,729.0,200.0,70.0,0.0,29.0,187.0,201,1
513,95,37.0,71.0,171.0,61.0,9,157.0,43.0,20.0,134,178.0,365.0,125.0,63.0,5.0,40.0,196.0,208,2
514,89,38.0,74.0,138.0,59.0,7,136.0,49.0,18.0,133,167.0,278.0,128.0,72.0,7.0,7.0,189.0,193,2
515,76,38.0,58.0,125.0,58.0,5,133.0,51.0,18.0,127,152.0,259.0,145.0,87.0,0.0,21.0,177.0,184,2
516,92,42.0,75.0,172.0,60.0,8,147.0,45.0,19.0,142,174.0,322.0,160.0,62.0,22.0,10.0,206.0,211,2
517,107,54.0,108.0,228.0,68.0,12,218.0,31.0,25.0,170,223.0,700.0,224.0,67.0,13.0,25.0,190.0,204,1
518,85,40.0,75.0,137.0,56.0,7,152.0,44.0,19.0,134,173.0,339.0,160.0,76.0,7.0,16.0,182.0,187,2
519,88,39.0,76.0,155.0,62.0,8,137.0,48.0,18.0,137,156.0,281.0,124.0,63.0,3.0,6.0,201.0,209,2
520,89,40.0,89.0,174.0,58.0,8,177.0,37.0,21.0,133,202.0,471.0,155.0,70.0,7.0,18.0,189.0,196,2
521,93,40.0,73.0,139.0,58.0,6,136.0,49.0,18.0,138,166.0,275.0,137.0,73.0,0.0,0.0,187.0,188,2
523,90,43.0,81.0,231.0,97.0,46,150.0,45.0,19.0,149,200.0,332.0,164.0,91.0,5.0,9.0,186.0,196,1
524,105,52.0,107.0,207.0,60.0,11,218.0,31.0,24.0,167,221.0,701.0,197.0,66.0,0.0,20.0,191.0,203,1
525,92,45.0,76.0,162.0,57.0,7,159.0,41.0,20.0,147,184.0,381.0,177.0,69.0,8.0,10.0,190.0,195,2
526,97,44.0,95.0,202.0,66.0,9,188.0,35.0,22.0,144,216.0,526.0,175.0,72.0,15.0,11.0,190.0,197,1
527,109,49.0,103.0,186.0,57.0,11,206.0,32.0,23.0,156,212.0,630.0,186.0,65.0,12.0,21.0,192.0,201,1
528,95,47.0,73.0,195.0,70.0,7,167.0,38.0,20.0,152,184.0,430.0,185.0,69.0,9.0,19.0,200.0,206,2
529,86,43.0,61.0,119.0,53.0,8,150.0,46.0,19.0,144,169.0,326.0,172.0,85.0,8.0,8.0,179.0,182,2
530,88,48.0,90.0,178.0,60.0,8,175.0,38.0,21.0,152,200.0,460.0,198.0,68.0,13.0,16.0,192.0,199,2
531,107,55.0,103.0,167.0,49.0,7,252.0,27.0,28.0,172,269.0,904.0,239.0,83.0,5.0,30.0,179.0,186,1
532,104,49.0,105.0,209.0,61.0,11,207.0,32.0,24.0,157,217.0,637.0,168.0,64.0,0.0,19.0,193.0,207,1
533,89,41.0,63.0,134.0,59.0,6,123.0,55.0,17.0,137,148.0,223.0,150.0,76.0,12.0,3.0,186.0,188,2
534,90,39.0,57.0,114.0,48.0,7,135.0,51.0,18.0,139,155.0,261.0,151.0,85.0,12.0,8.0,183.0,182,2
535,98,44.0,88.0,176.0,67.0,10,158.0,43.0,20.0,149,173.0,367.0,154.0,66.0,14.0,9.0,194.0,202,2
536,102,55.0,101.0,213.0,67.0,12,222.0,30.0,25.0,177,226.0,719.0,213.0,71.0,2.0,21.0,187.0,199,1
537,86,40.0,66.0,139.0,59.0,7,122.0,54.0,17.0,139,145.0,225.0,143.0,63.0,7.0,11.0,202.0,208,2
538,101,49.0,103.0,212.0,67.0,10,201.0,33.0,23.0,156,215.0,601.0,174.0,69.0,4.0,11.0,189.0,196,1
539,109,55.0,96.0,191.0,57.0,6,241.0,28.0,26.0,170,267.0,857.0,242.0,85.0,8.0,9.0,184.0,184,1
540,92,45.0,74.0,187.0,74.0,7,157.0,41.0,19.0,143,179.0,375.0,183.0,70.0,8.0,6.0,195.0,201,2
541,88,34.0,58.0,140.0,59.0,6,127.0,52.0,18.0,130,148.0,243.0,113.0,63.0,4.0,10.0,199.0,206,2
542,93,39.0,86.0,180.0,59.0,9,167.0,39.0,20.0,134,186.0,418.0,129.0,63.0,6.0,17.0,197.0,204,2
543,96,37.0,74.0,187.0,68.0,8,159.0,42.0,20.0,134,183.0,378.0,134.0,69.0,3.0,16.0,190.0,197,2
544,88,43.0,70.0,177.0,74.0,19,152.0,44.0,19.0,143,180.0,342.0,168.0,76.0,1.0,9.0,186.0,189,2
545,88,44.0,84.0,135.0,55.0,12,155.0,44.0,20.0,158,176.0,351.0,164.0,75.0,7.0,11.0,183.0,195,2
546,92,40.0,66.0,111.0,48.0,7,139.0,50.0,19.0,140,159.0,277.0,148.0,85.0,12.0,19.0,182.0,183,2
547,88,44.0,70.0,151.0,61.0,8,143.0,46.0,18.0,143,163.0,311.0,173.0,68.0,7.0,8.0,196.0,203,2
548,94,39.0,75.0,184.0,72.0,8,155.0,42.0,19.0,133,175.0,365.0,145.0,70.0,4.0,5.0,192.0,200,2
549,107,51.0,103.0,182.0,56.0,11,213.0,31.0,24.0,162,226.0,673.0,217.0,72.0,2.0,4.0,188.0,198,1
550,86,38.0,58.0,119.0,56.0,4,118.0,57.0,17.0,129,140.0,208.0,152.0,78.0,9.0,2.0,184.0,186,2
551,79,39.0,72.0,127.0,53.0,9,142.0,48.0,19.0,135,165.0,295.0,144.0,77.0,7.0,21.0,181.0,189,2
552,90,39.0,89.0,181.0,62.0,8,175.0,38.0,21.0,132,200.0,458.0,154.0,70.0,11.0,15.0,189.0,195,2
553,86,45.0,66.0,126.0,57.0,8,148.0,46.0,19.0,145,170.0,321.0,186.0,86.0,0.0,7.0,179.0,182,2
554,113,48.0,98.0,208.0,62.0,9,203.0,33.0,23.0,151,216.0,613.0,183.0,64.0,17.0,29.0,193.0,204,1
555,87,49.0,86.0,190.0,64.0,9,177.0,37.0,21.0,153,197.0,471.0,209.0,67.0,11.0,7.0,192.0,199,2
556,108,56.0,102.0,246.0,75.0,6,239.0,28.0,26.0,167,264.0,855.0,228.0,82.0,9.0,13.0,186.0,185,1
557,86,40.0,66.0,138.0,59.0,4,137.0,49.0,18.0,133,162.0,279.0,151.0,74.0,6.0,14.0,186.0,190,2
558,85,43.0,66.0,121.0,54.0,7,150.0,46.0,19.0,147,169.0,324.0,175.0,87.0,0.0,5.0,179.0,182,2
559,101,56.0,101.0,231.0,72.0,10,217.0,31.0,24.0,171,232.0,698.0,216.0,72.0,2.0,6.0,187.0,197,1
560,105,55.0,96.0,181.0,56.0,9,219.0,30.0,25.0,175,231.0,713.0,216.0,74.0,4.0,5.0,187.0,194,1
561,88,39.0,88.0,194.0,69.0,8,168.0,40.0,20.0,133,199.0,416.0,151.0,74.0,3.0,22.0,186.0,192,2
562,113,53.0,93.0,197.0,62.0,11,216.0,31.0,24.0,165,221.0,688.0,196.0,72.0,6.0,25.0,188.0,199,1
563,89,42.0,75.0,140.0,55.0,6,145.0,46.0,19.0,139,170.0,312.0,166.0,71.0,15.0,26.0,191.0,198,2
564,98,35.0,70.0,182.0,68.0,5,155.0,41.0,19.0,124,184.0,371.0,117.0,71.0,3.0,22.0,202.0,205,2
565,101,48.0,85.0,191.0,60.0,11,175.0,38.0,21.0,153,192.0,458.0,187.0,62.0,5.0,22.0,197.0,210,2
566,108,54.0,103.0,212.0,65.0,11,208.0,32.0,24.0,162,228.0,648.0,240.0,71.0,9.0,0.0,189.0,197,1
567,91,40.0,83.0,166.0,60.0,8,160.0,41.0,20.0,133,189.0,383.0,155.0,72.0,5.0,7.0,186.0,191,2
568,86,43.0,69.0,123.0,54.0,6,150.0,46.0,19.0,144,174.0,325.0,177.0,87.0,3.0,7.0,180.0,182,2
569,97,35.0,66.0,151.0,64.0,8,128.0,52.0,18.0,129,148.0,246.0,112.0,66.0,6.0,2.0,195.0,200,2
570,105,53.0,108.0,206.0,63.0,12,222.0,31.0,25.0,168,226.0,712.0,201.0,71.0,15.0,35.0,189.0,203,1
571,94,43.0,69.0,161.0,59.0,7,152.0,43.0,19.0,143,175.0,349.0,187.0,67.0,12.0,11.0,193.0,198,2
572,96,45.0,87.0,169.0,67.0,10,154.0,44.0,19.0,149,167.0,351.0,174.0,67.0,9.0,8.0,192.0,201,2
573,89,47.0,80.0,131.0,54.0,11,160.0,43.0,20.0,163,175.0,369.0,174.0,77.0,1.0,7.0,182.0,193,2
574,104,55.0,105.0,216.0,68.0,11,205.0,32.0,23.0,169,221.0,623.0,216.0,71.0,9.0,18.0,189.0,196,1
575,109,54.0,103.0,220.0,66.0,11,214.0,31.0,24.0,167,229.0,677.0,212.0,70.0,1.0,23.0,188.0,201,1
576,109,53.0,103.0,210.0,63.0,11,219.0,30.0,25.0,172,229.0,707.0,212.0,71.0,6.0,3.0,188.0,199,1
577,99,54.0,100.0,199.0,62.0,9,200.0,33.0,23.0,166,222.0,600.0,241.0,70.0,2.0,7.0,189.0,198,1
578,92,46.0,82.0,170.0,58.0,8,165.0,40.0,20.0,149,181.0,409.0,164.0,61.0,8.0,11.0,200.0,208,2
579,84,38.0,66.0,138.0,62.0,6,126.0,54.0,18.0,132,144.0,232.0,139.0,70.0,4.0,7.0,185.0,190,2
580,85,42.0,66.0,120.0,53.0,7,149.0,45.0,19.0,145,173.0,325.0,163.0,85.0,5.0,4.0,180.0,182,2
581,89,36.0,68.0,141.0,59.0,8,139.0,47.0,18.0,130,166.0,291.0,127.0,73.0,7.0,1.0,189.0,196,2
582,108,53.0,104.0,181.0,56.0,11,220.0,31.0,25.0,167,226.0,712.0,214.0,72.0,15.0,18.0,189.0,199,1
583,104,54.0,101.0,197.0,64.0,11,213.0,31.0,24.0,172,218.0,669.0,222.0,74.0,14.0,4.0,187.0,196,1
584,100,51.0,89.0,199.0,65.0,6,201.0,32.0,23.0,159,219.0,622.0,205.0,74.0,6.0,7.0,193.0,193,1
585,85,35.0,64.0,129.0,57.0,6,116.0,57.0,17.0,125,138.0,200.0,123.0,65.0,1.0,23.0,196.0,203,2
586,98,55.0,108.0,168.0,53.0,11,224.0,30.0,25.0,178,231.0,737.0,217.0,73.0,8.0,30.0,187.0,198,1
587,84,38.0,74.0,138.0,57.0,8,139.0,49.0,18.0,127,160.0,282.0,127.0,72.0,9.0,20.0,183.0,191,2
588,89,38.0,78.0,153.0,61.0,7,146.0,46.0,19.0,127,166.0,314.0,142.0,69.0,0.0,9.0,187.0,194,2
589,104,55.0,105.0,223.0,70.0,10,223.0,30.0,25.0,177,237.0,737.0,218.0,75.0,14.0,11.0,188.0,196,1
590,84,44.0,65.0,128.0,55.0,8,150.0,46.0,19.0,148,169.0,325.0,176.0,82.0,1.0,11.0,179.0,183,2
591,80,36.0,69.0,127.0,56.0,7,128.0,53.0,18.0,124,147.0,240.0,133.0,70.0,2.0,21.0,183.0,191,2
592,79,43.0,72.0,141.0,62.0,8,153.0,44.0,19.0,144,175.0,344.0,174.0,78.0,0.0,8.0,182.0,188,2
593,89,43.0,77.0,147.0,54.0,8,144.0,46.0,19.0,146,163.0,308.0,174.0,64.0,13.0,5.0,194.0,201,2
594,83,40.0,59.0,116.0,53.0,7,132.0,52.0,18.0,137,145.0,250.0,157.0,84.0,12.0,6.0,177.0,183,2
595,89,50.0,83.0,195.0,65.0,6,178.0,37.0,21.0,156,207.0,481.0,210.0,71.0,1.0,6.0,189.0,194,1
596,90,40.0,83.0,178.0,61.0,8,178.0,37.0,21.0,132,199.0,472.0,157.0,71.0,1.0,14.0,187.0,193,2
597,88,42.0,66.0,133.0,57.0,6,123.0,54.0,17.0,144,147.0,227.0,160.0,66.0,8.0,4.0,193.0,198,2
598,96,43.0,82.0,161.0,55.0,5,186.0,34.0,22.0,141,215.0,534.0,162.0,75.0,0.0,6.0,195.0,196,1
599,93,39.0,63.0,146.0,58.0,7,128.0,52.0,18.0,134,149.0,246.0,158.0,63.0,9.0,7.0,198.0,204,2
600,98,46.0,77.0,199.0,71.0,7,166.0,39.0,20.0,150,184.0,422.0,180.0,69.0,13.0,9.0,200.0,203,2
601,93,39.0,78.0,164.0,66.0,8,139.0,48.0,18.0,140,157.0,290.0,126.0,64.0,4.0,7.0,201.0,208,2
602,100,51.0,109.0,231.0,70.0,11,220.0,30.0,25.0,163,238.0,722.0,206.0,73.0,11.0,19.0,189.0,198,1
603,90,36.0,85.0,184.0,64.0,6,160.0,41.0,20.0,125,187.0,385.0,139.0,66.0,9.0,31.0,195.0,203,2
604,88,40.0,79.0,183.0,62.0,7,176.0,38.0,21.0,138,200.0,462.0,150.0,66.0,0.0,29.0,189.0,199,2
605,97,53.0,105.0,225.0,71.0,12,221.0,30.0,25.0,167,226.0,713.0,202.0,70.0,3.0,20.0,186.0,200,1
606,84,37.0,70.0,150.0,61.0,7,137.0,49.0,18.0,140,156.0,278.0,121.0,64.0,0.0,23.0,196.0,205,2
607,86,39.0,62.0,129.0,59.0,6,116.0,57.0,17.0,135,137.0,203.0,145.0,64.0,7.0,9.0,199.0,204,2
608,85,38.0,72.0,130.0,53.0,9,134.0,51.0,18.0,132,145.0,261.0,123.0,65.0,1.0,24.0,188.0,198,2
609,87,42.0,60.0,116.0,51.0,6,150.0,46.0,19.0,141,169.0,324.0,171.0,85.0,2.0,14.0,178.0,182,2
610,103,56.0,105.0,183.0,59.0,10,210.0,32.0,24.0,173,217.0,648.0,218.0,72.0,13.0,22.0,188.0,196,1
611,90,49.0,85.0,141.0,57.0,11,159.0,43.0,20.0,167,173.0,365.0,186.0,75.0,1.0,11.0,182.0,192,2
612,80,34.0,42.0,110.0,57.0,3,114.0,59.0,17.0,119,131.0,191.0,121.0,87.0,4.0,7.0,179.0,183,2
613,92,37.0,75.0,191.0,71.0,6,161.0,40.0,20.0,128,180.0,393.0,135.0,69.0,1.0,14.0,195.0,202,2
614,85,33.0,50.0,104.0,53.0,4,115.0,59.0,17.0,118,136.0,193.0,127.0,83.0,1.0,30.0,179.0,185,2
615,88,34.0,69.0,152.0,57.0,5,138.0,48.0,18.0,122,158.0,284.0,120.0,62.0,9.0,29.0,204.0,210,2
616,92,42.0,69.0,153.0,58.0,8,140.0,48.0,18.0,138,165.0,290.0,151.0,64.0,10.0,21.0,199.0,206,2
617,83,37.0,49.0,112.0,55.0,5,122.0,55.0,17.0,128,144.0,219.0,146.0,85.0,8.0,16.0,180.0,184,2
618,98,39.0,68.0,136.0,56.0,8,131.0,52.0,18.0,144,159.0,251.0,134.0,72.0,4.0,10.0,186.0,187,2
619,97,55.0,96.0,170.0,54.0,10,216.0,31.0,24.0,173,219.0,685.0,218.0,75.0,0.0,4.0,184.0,193,1
620,108,56.0,103.0,234.0,73.0,10,221.0,30.0,25.0,174,232.0,718.0,214.0,73.0,8.0,3.0,187.0,197,1
621,90,48.0,81.0,144.0,60.0,9,150.0,44.0,19.0,156,173.0,333.0,200.0,75.0,2.0,0.0,185.0,195,2
622,96,40.0,100.0,178.0,58.0,8,181.0,37.0,21.0,134,205.0,486.0,160.0,68.0,5.0,34.0,192.0,202,2
623,106,52.0,108.0,207.0,64.0,12,221.0,31.0,25.0,168,229.0,709.0,200.0,73.0,22.0,38.0,190.0,205,1
624,84,36.0,75.0,136.0,55.0,6,140.0,48.0,18.0,125,166.0,290.0,138.0,71.0,4.0,36.0,189.0,195,2
625,104,53.0,101.0,190.0,63.0,10,213.0,32.0,24.0,166,218.0,664.0,202.0,74.0,13.0,21.0,188.0,198,1
626,83,44.0,70.0,166.0,69.0,5,143.0,46.0,18.0,143,166.0,306.0,170.0,69.0,7.0,6.0,188.0,193,2
627,88,44.0,71.0,165.0,70.0,7,144.0,46.0,19.0,141,167.0,312.0,172.0,71.0,4.0,4.0,188.0,193,2
628,98,51.0,84.0,207.0,72.0,7,184.0,35.0,21.0,161,199.0,520.0,198.0,72.0,9.0,11.0,196.0,199,2
629,90,42.0,63.0,144.0,59.0,7,131.0,50.0,18.0,142,154.0,259.0,162.0,65.0,15.0,3.0,197.0,204,2
630,86,40.0,63.0,135.0,56.0,5,133.0,50.0,18.0,135,152.0,262.0,166.0,70.0,9.0,2.0,187.0,191,2
631,103,49.0,107.0,179.0,54.0,12,208.0,32.0,24.0,159,214.0,644.0,183.0,66.0,1.0,12.0,191.0,200,1
632,86,44.0,70.0,140.0,64.0,6,148.0,45.0,19.0,145,170.0,322.0,185.0,82.0,10.0,1.0,181.0,183,2
633,102,52.0,101.0,213.0,64.0,10,203.0,33.0,23.0,157,214.0,616.0,186.0,65.0,0.0,19.0,193.0,203,1
634,81,38.0,53.0,123.0,58.0,6,134.0,51.0,18.0,128,147.0,259.0,148.0,83.0,10.0,6.0,177.0,184,2
635,97,41.0,62.0,133.0,56.0,7,130.0,52.0,18.0,143,158.0,247.0,157.0,78.0,5.0,7.0,184.0,186,2
636,96,41.0,69.0,153.0,56.0,7,141.0,47.0,18.0,141,162.0,297.0,169.0,61.0,11.0,8.0,202.0,209,2
637,86,44.0,65.0,129.0,56.0,6,152.0,45.0,19.0,150,168.0,331.0,177.0,83.0,4.0,13.0,178.0,183,2
638,97,49.0,76.0,203.0,73.0,7,178.0,36.0,21.0,157,194.0,487.0,186.0,72.0,0.0,7.0,197.0,200,2
639,108,55.0,105.0,230.0,68.0,11,218.0,30.0,24.0,171,228.0,709.0,210.0,69.0,14.0,4.0,190.0,197,1
640,91,52.0,98.0,196.0,62.0,9,193.0,34.0,22.0,161,216.0,562.0,244.0,69.0,3.0,1.0,190.0,199,1
641,84,43.0,76.0,180.0,75.0,7,155.0,43.0,19.0,143,180.0,359.0,173.0,77.0,5.0,12.0,185.0,190,2
642,95,46.0,104.0,208.0,66.0,9,191.0,35.0,22.0,148,210.0,543.0,169.0,68.0,0.0,28.0,190.0,200,1
643,95,43.0,83.0,198.0,69.0,6,177.0,36.0,21.0,139,189.0,484.0,163.0,68.0,6.0,4.0,196.0,198,1
644,96,46.0,88.0,160.0,64.0,9,151.0,44.0,19.0,148,173.0,339.0,182.0,70.0,15.0,11.0,192.0,199,2
645,86,44.0,77.0,155.0,60.0,7,152.0,44.0,19.0,141,174.0,345.0,161.0,72.0,9.0,0.0,187.0,192,2
646,90,38.0,79.0,185.0,69.0,6,160.0,40.0,20.0,130,178.0,393.0,133.0,66.0,2.0,14.0,198.0,205,2
647,85,38.0,75.0,132.0,54.0,7,147.0,46.0,19.0,131,171.0,318.0,145.0,75.0,7.0,25.0,183.0,188,2
648,105,53.0,105.0,184.0,57.0,11,211.0,31.0,24.0,168,224.0,661.0,218.0,71.0,0.0,15.0,186.0,197,1
649,89,38.0,77.0,161.0,62.0,7,149.0,45.0,19.0,129,174.0,327.0,153.0,71.0,6.0,21.0,188.0,193,2
650,98,55.0,104.0,213.0,67.0,9,206.0,32.0,23.0,167,223.0,629.0,220.0,72.0,5.0,19.0,187.0,196,1
651,85,40.0,66.0,136.0,58.0,6,142.0,48.0,19.0,137,164.0,295.0,164.0,77.0,2.0,22.0,182.0,186,2
652,97,37.0,78.0,181.0,62.0,8,161.0,41.0,20.0,131,182.0,389.0,117.0,62.0,2.0,28.0,203.0,211,2
653,97,41.0,92.0,197.0,63.0,10,179.0,37.0,21.0,140,197.0,481.0,136.0,63.0,4.0,3.0,197.0,204,1
654,100,47.0,88.0,190.0,60.0,10,171.0,38.0,21.0,155,186.0,440.0,169.0,59.0,15.0,18.0,201.0,210,2
655,86,35.0,44.0,110.0,54.0,2,119.0,57.0,17.0,121,139.0,208.0,137.0,90.0,6.0,1.0,180.0,183,2
656,84,42.0,76.0,156.0,64.0,7,151.0,44.0,19.0,143,179.0,339.0,157.0,75.0,0.0,20.0,187.0,193,2
657,89,45.0,85.0,149.0,59.0,11,158.0,43.0,20.0,158,177.0,362.0,173.0,75.0,12.0,16.0,183.0,193,2
658,91,39.0,77.0,153.0,59.0,8,139.0,48.0,18.0,139,159.0,289.0,123.0,62.0,8.0,17.0,201.0,209,2
659,96,50.0,94.0,215.0,67.0,9,187.0,35.0,22.0,158,214.0,525.0,214.0,67.0,8.0,6.0,193.0,201,1
660,88,35.0,60.0,143.0,59.0,7,128.0,52.0,18.0,129,147.0,246.0,109.0,62.0,1.0,6.0,202.0,209,2
661,110,46.0,100.0,197.0,61.0,9,193.0,34.0,22.0,149,209.0,561.0,160.0,65.0,11.0,7.0,194.0,203,1
662,87,41.0,66.0,140.0,58.0,6,148.0,46.0,19.0,136,164.0,318.0,178.0,79.0,19.0,2.0,181.0,185,2
663,89,47.0,83.0,169.0,61.0,8,164.0,40.0,20.0,150,189.0,402.0,190.0,72.0,7.0,10.0,187.0,193,2
664,90,43.0,72.0,157.0,64.0,8,136.0,49.0,18.0,145,158.0,279.0,167.0,64.0,4.0,6.0,201.0,209,2
665,90,47.0,85.0,161.0,64.0,10,163.0,42.0,20.0,160,177.0,389.0,185.0,73.0,9.0,0.0,185.0,195,2
666,102,43.0,96.0,197.0,63.0,10,185.0,36.0,22.0,142,202.0,513.0,139.0,65.0,8.0,12.0,195.0,204,1
667,110,53.0,104.0,223.0,66.0,10,211.0,32.0,24.0,164,223.0,659.0,210.0,67.0,5.0,16.0,190.0,203,1
668,94,46.0,91.0,175.0,70.0,12,157.0,43.0,20.0,155,172.0,358.0,192.0,69.0,15.0,21.0,190.0,200,2
669,85,44.0,66.0,125.0,58.0,6,148.0,45.0,19.0,145,170.0,323.0,185.0,84.0,8.0,1.0,180.0,183,2
670,95,51.0,96.0,196.0,63.0,9,190.0,35.0,22.0,161,208.0,543.0,235.0,68.0,13.0,0.0,191.0,198,1
671,103,41.0,83.0,194.0,63.0,9,175.0,38.0,21.0,142,199.0,455.0,138.0,65.0,7.0,30.0,197.0,206,2
672,97,47.0,88.0,183.0,60.0,7,197.0,33.0,23.0,148,214.0,596.0,201.0,74.0,8.0,0.0,192.0,191,1
673,91,35.0,66.0,159.0,59.0,7,147.0,45.0,19.0,131,169.0,322.0,123.0,64.0,1.0,1.0,197.0,203,2
674,92,37.0,80.0,180.0,67.0,8,154.0,43.0,19.0,129,180.0,353.0,144.0,69.0,6.0,9.0,190.0,195,2
675,100,58.0,109.0,230.0,70.0,11,226.0,30.0,25.0,182,234.0,752.0,207.0,72.0,0.0,13.0,187.0,198,1
676,82,43.0,73.0,158.0,68.0,7,151.0,44.0,19.0,145,181.0,337.0,173.0,80.0,2.0,17.0,183.0,188,2
677,105,51.0,80.0,207.0,71.0,6,195.0,33.0,22.0,159,214.0,579.0,188.0,75.0,6.0,20.0,194.0,194,1
678,86,45.0,70.0,122.0,56.0,7,148.0,45.0,19.0,144,170.0,324.0,186.0,84.0,9.0,5.0,180.0,183,2
679,89,41.0,76.0,183.0,73.0,7,157.0,42.0,19.0,136,181.0,373.0,153.0,74.0,8.0,12.0,191.0,195,2
680,95,46.0,76.0,162.0,66.0,11,162.0,42.0,20.0,155,175.0,381.0,172.0,74.0,8.0,4.0,184.0,193,2
681,96,46.0,70.0,194.0,70.0,6,167.0,39.0,20.0,148,183.0,427.0,171.0,69.0,17.0,10.0,200.0,203,2
682,90,46.0,73.0,137.0,58.0,11,161.0,43.0,20.0,158,170.0,373.0,186.0,76.0,0.0,9.0,182.0,193,2
683,110,56.0,109.0,199.0,57.0,5,251.0,27.0,27.0,169,272.0,928.0,268.0,82.0,11.0,10.0,183.0,183,1
684,99,38.0,74.0,184.0,66.0,6,164.0,39.0,20.0,131,193.0,414.0,137.0,71.0,2.0,22.0,200.0,202,2
685,85,42.0,66.0,120.0,53.0,7,149.0,46.0,19.0,143,169.0,321.0,160.0,85.0,10.0,7.0,180.0,182,2
686,88,40.0,69.0,146.0,59.0,7,130.0,51.0,18.0,134,147.0,252.0,144.0,64.0,1.0,1.0,193.0,200,2
687,106,57.0,107.0,235.0,67.0,6,262.0,26.0,28.0,171,285.0,987.0,260.0,86.0,9.0,31.0,180.0,184,1
688,89,35.0,52.0,121.0,57.0,4,122.0,55.0,17.0,125,139.0,220.0,128.0,82.0,5.0,13.0,181.0,184,2
689,105,51.0,105.0,197.0,60.0,11,191.0,35.0,22.0,162,207.0,545.0,194.0,64.0,18.0,4.0,196.0,205,1
690,94,40.0,85.0,186.0,62.0,9,169.0,39.0,20.0,139,184.0,430.0,133.0,61.0,2.0,9.0,200.0,210,1
691,86,45.0,71.0,170.0,70.0,6,146.0,45.0,19.0,146,172.0,321.0,189.0,71.0,10.0,8.0,187.0,191,2
692,108,51.0,100.0,206.0,63.0,10,196.0,34.0,23.0,159,214.0,576.0,201.0,65.0,7.0,16.0,194.0,205,1
693,90,46.0,75.0,133.0,55.0,11,160.0,43.0,20.0,161,173.0,369.0,171.0,77.0,0.0,16.0,182.0,192,2
694,100,43.0,92.0,197.0,62.0,10,180.0,36.0,21.0,143,200.0,489.0,153.0,64.0,6.0,9.0,195.0,205,1
695,92,41.0,66.0,125.0,52.0,7,139.0,50.0,18.0,143,160.0,275.0,161.0,81.0,7.0,19.0,182.0,184,2
696,89,38.0,82.0,156.0,59.0,8,153.0,43.0,19.0,129,179.0,351.0,137.0,70.0,1.0,1.0,187.0,192,2
697,92,37.0,75.0,184.0,70.0,6,154.0,42.0,19.0,131,184.0,363.0,127.0,71.0,0.0,4.0,198.0,202,2
698,83,42.0,71.0,152.0,64.0,7,149.0,45.0,19.0,142,172.0,331.0,158.0,74.0,2.0,2.0,184.0,190,2
699,93,47.0,83.0,165.0,60.0,7,167.0,40.0,20.0,147,197.0,417.0,201.0,73.0,12.0,4.0,187.0,192,2
700,106,53.0,98.0,192.0,58.0,11,217.0,31.0,24.0,166,228.0,693.0,191.0,71.0,11.0,24.0,188.0,198,1
701,108,49.0,103.0,200.0,62.0,10,206.0,32.0,23.0,155,227.0,635.0,215.0,72.0,6.0,16.0,189.0,198,1
702,96,48.0,83.0,177.0,59.0,8,171.0,39.0,21.0,152,195.0,438.0,196.0,67.0,15.0,0.0,195.0,201,2
703,93,43.0,78.0,162.0,64.0,8,137.0,48.0,18.0,145,156.0,281.0,159.0,63.0,17.0,12.0,203.0,210,2
704,99,52.0,104.0,177.0,55.0,10,210.0,32.0,24.0,166,219.0,657.0,215.0,73.0,3.0,2.0,187.0,194,1
705,110,54.0,102.0,201.0,64.0,11,213.0,31.0,24.0,171,222.0,669.0,221.0,73.0,17.0,16.0,188.0,198,1
706,82,43.0,70.0,250.0,105.0,55,139.0,48.0,18.0,145,231.0,289.0,172.0,99.0,4.0,9.0,190.0,199,1
707,92,35.0,58.0,136.0,58.0,6,122.0,55.0,17.0,132,142.0,222.0,116.0,64.0,6.0,17.0,197.0,203,2
708,94,49.0,82.0,137.0,56.0,10,159.0,43.0,20.0,160,176.0,367.0,186.0,76.0,10.0,7.0,183.0,192,2
709,95,42.0,96.0,197.0,65.0,9,178.0,37.0,21.0,141,199.0,474.0,149.0,67.0,1.0,29.0,193.0,200,2
710,102,54.0,98.0,201.0,61.0,6,225.0,29.0,25.0,165,246.0,766.0,231.0,79.0,9.0,14.0,188.0,187,1
711,100,54.0,102.0,206.0,65.0,10,198.0,33.0,23.0,164,224.0,587.0,240.0,72.0,4.0,11.0,187.0,196,1
712,105,45.0,100.0,195.0,61.0,10,198.0,33.0,23.0,149,214.0,586.0,186.0,67.0,8.0,5.0,192.0,200,1
713,107,53.0,108.0,211.0,63.0,11,219.0,31.0,25.0,168,228.0,704.0,198.0,69.0,10.0,21.0,190.0,203,1
714,94,44.0,70.0,186.0,72.0,8,153.0,42.0,19.0,144,171.0,361.0,178.0,67.0,7.0,2.0,199.0,206,2
715,100,52.0,109.0,225.0,68.0,10,222.0,30.0,25.0,165,241.0,731.0,207.0,73.0,7.0,28.0,188.0,199,1
716,97,41.0,88.0,184.0,59.0,9,175.0,38.0,21.0,140,192.0,459.0,147.0,63.0,1.0,5.0,196.0,205,1
717,96,46.0,74.0,202.0,74.0,5,163.0,39.0,20.0,149,185.0,408.0,191.0,70.0,7.0,8.0,196.0,200,2
718,104,52.0,110.0,172.0,53.0,10,219.0,30.0,25.0,166,235.0,711.0,218.0,74.0,10.0,28.0,188.0,198,1
719,104,53.0,101.0,199.0,65.0,11,213.0,31.0,24.0,168,216.0,667.0,221.0,72.0,12.0,12.0,187.0,198,1
720,91,38.0,76.0,172.0,61.0,8,167.0,40.0,20.0,134,196.0,415.0,145.0,71.0,0.0,28.0,189.0,198,2
721,105,54.0,108.0,234.0,70.0,12,215.0,31.0,24.0,168,226.0,687.0,228.0,68.0,4.0,22.0,189.0,201,1
722,94,45.0,85.0,163.0,68.0,10,157.0,44.0,20.0,156,170.0,357.0,176.0,73.0,17.0,11.0,187.0,195,2
723,105,46.0,100.0,195.0,61.0,9,193.0,34.0,22.0,150,207.0,557.0,161.0,65.0,5.0,9.0,194.0,202,1
724,94,45.0,85.0,160.0,63.0,10,158.0,43.0,20.0,157,174.0,367.0,162.0,68.0,1.0,6.0,189.0,199,2
725,91,37.0,76.0,138.0,55.0,8,132.0,51.0,18.0,135,157.0,256.0,124.0,69.0,0.0,12.0,191.0,192,2
726,102,48.0,105.0,214.0,64.0,10,201.0,33.0,23.0,152,214.0,600.0,178.0,64.0,0.0,25.0,192.0,204,1
727,96,44.0,68.0,190.0,70.0,7,155.0,41.0,19.0,145,179.0,372.0,166.0,67.0,5.0,7.0,202.0,206,2
728,85,36.0,72.0,127.0,56.0,7,127.0,54.0,18.0,125,144.0,233.0,123.0,70.0,3.0,30.0,184.0,194,2
729,103,48.0,96.0,232.0,71.0,10,205.0,32.0,23.0,153,226.0,633.0,197.0,71.0,2.0,15.0,188.0,196,1
730,101,55.0,107.0,200.0,61.0,11,225.0,30.0,25.0,178,228.0,730.0,204.0,74.0,8.0,35.0,187.0,201,1
731,103,52.0,103.0,170.0,52.0,7,236.0,28.0,26.0,160,254.0,816.0,250.0,82.0,3.0,23.0,183.0,184,1
732,85,45.0,73.0,167.0,69.0,8,143.0,46.0,18.0,148,173.0,307.0,176.0,71.0,2.0,0.0,190.0,199,2
733,114,57.0,102.0,181.0,52.0,6,257.0,26.0,28.0,169,287.0,968.0,261.0,85.0,2.0,21.0,182.0,184,1
734,88,40.0,55.0,114.0,53.0,7,132.0,53.0,18.0,139,142.0,249.0,158.0,87.0,0.0,7.0,176.0,183,2
735,86,37.0,77.0,144.0,54.0,7,154.0,43.0,19.0,127,179.0,352.0,145.0,71.0,14.0,13.0,186.0,191,2
736,102,51.0,104.0,217.0,67.0,10,204.0,32.0,23.0,162,220.0,621.0,195.0,68.0,3.0,19.0,188.0,197,1
737,105,51.0,93.0,160.0,51.0,7,217.0,30.0,24.0,165,240.0,703.0,208.0,81.0,9.0,25.0,188.0,188,1
738,100,50.0,98.0,204.0,63.0,6,218.0,30.0,24.0,156,232.0,719.0,213.0,77.0,8.0,7.0,189.0,189,1
739,96,44.0,85.0,166.0,66.0,10,155.0,43.0,19.0,150,167.0,355.0,159.0,67.0,3.0,10.0,192.0,202,2
740,109,52.0,104.0,199.0,60.0,12,215.0,31.0,24.0,162,220.0,691.0,212.0,67.0,11.0,7.0,189.0,199,1
741,87,39.0,74.0,165.0,66.0,6,145.0,45.0,19.0,134,173.0,318.0,139.0,70.0,3.0,21.0,195.0,200,2
742,90,41.0,78.0,145.0,55.0,7,138.0,48.0,18.0,138,161.0,284.0,158.0,67.0,0.0,1.0,192.0,197,2
743,98,48.0,101.0,203.0,65.0,9,197.0,33.0,23.0,152,216.0,584.0,174.0,68.0,2.0,5.0,189.0,197,1
744,96,46.0,88.0,174.0,68.0,10,155.0,43.0,19.0,148,173.0,354.0,182.0,69.0,14.0,15.0,194.0,202,2
745,85,43.0,69.0,141.0,62.0,7,152.0,44.0,19.0,145,178.0,341.0,179.0,84.0,1.0,4.0,181.0,184,2
746,91,42.0,66.0,142.0,58.0,9,134.0,50.0,18.0,142,163.0,268.0,164.0,69.0,6.0,5.0,191.0,197,2
747,80,43.0,68.0,123.0,53.0,7,150.0,46.0,19.0,147,169.0,327.0,176.0,81.0,7.0,14.0,179.0,184,2
748,93,46.0,85.0,169.0,66.0,9,151.0,44.0,19.0,147,169.0,339.0,179.0,67.0,0.0,4.0,195.0,204,2
749,93,51.0,90.0,209.0,69.0,8,183.0,36.0,22.0,156,211.0,506.0,230.0,70.0,6.0,1.0,189.0,196,1
750,96,40.0,78.0,170.0,58.0,7,174.0,38.0,21.0,139,197.0,455.0,160.0,68.0,3.0,29.0,191.0,200,2
751,85,36.0,51.0,115.0,56.0,5,119.0,57.0,17.0,124,139.0,207.0,127.0,81.0,13.0,5.0,181.0,184,2
752,100,36.0,73.0,199.0,73.0,6,162.0,40.0,20.0,127,189.0,401.0,125.0,72.0,6.0,19.0,200.0,204,2
753,91,36.0,72.0,162.0,60.0,8,150.0,44.0,19.0,133,166.0,334.0,121.0,63.0,2.0,22.0,196.0,205,2
754,91,41.0,64.0,148.0,61.0,8,129.0,51.0,18.0,142,161.0,249.0,153.0,68.0,6.0,12.0,194.0,201,2
755,86,39.0,58.0,125.0,55.0,5,117.0,57.0,17.0,134,140.0,204.0,148.0,69.0,7.0,6.0,190.0,194,2
756,95,53.0,95.0,202.0,65.0,10,193.0,34.0,22.0,160,220.0,559.0,237.0,71.0,3.0,2.0,188.0,196,1
757,91,43.0,72.0,142.0,56.0,7,149.0,45.0,19.0,140,168.0,327.0,165.0,72.0,13.0,23.0,186.0,191,2
758,81,45.0,68.0,137.0,60.0,7,152.0,45.0,19.0,151,167.0,333.0,179.0,81.0,3.0,13.0,179.0,183,2
759,94,50.0,84.0,138.0,57.0,10,156.0,44.0,20.0,170,171.0,351.0,187.0,77.0,5.0,6.0,182.0,191,2
760,107,45.0,92.0,197.0,62.0,10,188.0,35.0,22.0,148,202.0,526.0,159.0,64.0,12.0,20.0,195.0,203,1
761,115,51.0,100.0,201.0,60.0,12,196.0,34.0,23.0,162,207.0,573.0,184.0,62.0,22.0,1.0,198.0,208,1
762,90,44.0,69.0,152.0,64.0,7,135.0,49.0,18.0,145,165.0,272.0,162.0,75.0,3.0,2.0,187.0,191,2
763,102,52.0,98.0,225.0,71.0,10,214.0,31.0,24.0,164,228.0,682.0,199.0,71.0,0.0,16.0,187.0,196,1
764,103,53.0,106.0,172.0,55.0,10,212.0,32.0,24.0,168,220.0,660.0,223.0,73.0,16.0,24.0,187.0,197,1
765,84,43.0,70.0,123.0,54.0,8,151.0,45.0,19.0,146,173.0,332.0,176.0,81.0,1.0,12.0,181.0,184,2
766,98,38.0,78.0,191.0,65.0,8,169.0,39.0,20.0,136,197.0,430.0,141.0,67.0,9.0,20.0,192.0,199,2
767,88,39.0,70.0,166.0,66.0,7,148.0,44.0,19.0,134,167.0,332.0,143.0,69.0,5.0,13.0,193.0,201,2
768,91,46.0,101.0,199.0,65.0,9,196.0,34.0,23.0,146,219.0,574.0,199.0,73.0,5.0,8.0,186.0,194,1
769,91,36.0,83.0,162.0,61.0,8,142.0,47.0,19.0,128,163.0,298.0,137.0,63.0,0.0,31.0,193.0,200,2
770,80,44.0,68.0,120.0,53.0,8,151.0,45.0,19.0,146,170.0,333.0,190.0,80.0,4.0,16.0,180.0,185,2
771,97,48.0,105.0,212.0,64.0,11,201.0,33.0,23.0,155,212.0,602.0,162.0,64.0,2.0,7.0,193.0,202,1
772,92,52.0,93.0,204.0,67.0,9,189.0,35.0,22.0,161,214.0,536.0,240.0,72.0,2.0,5.0,188.0,195,1
773,87,42.0,70.0,139.0,59.0,7,149.0,45.0,19.0,142,177.0,327.0,156.0,78.0,6.0,9.0,185.0,188,2
774,94,37.0,72.0,146.0,60.0,9,133.0,50.0,18.0,135,161.0,262.0,128.0,69.0,2.0,7.0,192.0,195,2
775,97,38.0,75.0,188.0,68.0,6,171.0,37.0,20.0,129,199.0,450.0,137.0,74.0,2.0,6.0,197.0,199,2
776,96,45.0,101.0,201.0,66.0,9,192.0,34.0,22.0,143,218.0,552.0,195.0,73.0,3.0,19.0,189.0,197,1
777,106,53.0,98.0,154.0,47.0,4,237.0,28.0,26.0,164,263.0,838.0,222.0,82.0,4.0,17.0,185.0,184,1
778,111,50.0,103.0,199.0,60.0,11,211.0,31.0,24.0,156,223.0,663.0,188.0,68.0,9.0,9.0,190.0,200,1
779,96,39.0,64.0,111.0,48.0,8,134.0,52.0,18.0,141,160.0,258.0,139.0,80.0,7.0,20.0,183.0,184,2
780,109,47.0,96.0,206.0,64.0,9,198.0,33.0,23.0,150,219.0,586.0,191.0,70.0,4.0,13.0,190.0,198,1
781,88,42.0,64.0,151.0,62.0,8,130.0,51.0,18.0,142,150.0,253.0,161.0,63.0,3.0,2.0,203.0,210,2
782,87,44.0,98.0,211.0,70.0,10,189.0,35.0,22.0,141,214.0,535.0,178.0,71.0,2.0,21.0,187.0,194,1
783,107,54.0,96.0,201.0,62.0,12,218.0,31.0,24.0,170,221.0,694.0,217.0,71.0,2.0,21.0,187.0,198,1
784,87,37.0,52.0,116.0,54.0,6,115.0,58.0,17.0,126,135.0,196.0,144.0,74.0,11.0,22.0,186.0,190,2
785,85,43.0,66.0,123.0,56.0,6,148.0,46.0,19.0,145,166.0,319.0,171.0,85.0,6.0,11.0,179.0,182,2
786,107,55.0,103.0,213.0,68.0,11,219.0,30.0,25.0,172,221.0,709.0,216.0,70.0,10.0,7.0,187.0,197,1
787,93,37.0,70.0,126.0,52.0,9,127.0,53.0,18.0,137,156.0,238.0,119.0,71.0,2.0,13.0,191.0,190,2
788,115,52.0,100.0,203.0,62.0,10,217.0,31.0,24.0,165,229.0,697.0,214.0,72.0,14.0,4.0,188.0,197,1
789,90,39.0,85.0,160.0,59.0,7,163.0,41.0,20.0,131,189.0,396.0,158.0,71.0,7.0,13.0,186.0,192,2
790,85,43.0,66.0,120.0,54.0,5,148.0,46.0,19.0,145,168.0,320.0,174.0,87.0,8.0,2.0,179.0,181,2
791,86,43.0,68.0,150.0,64.0,9,138.0,48.0,18.0,143,161.0,285.0,174.0,69.0,6.0,0.0,192.0,201,2
792,100,51.0,104.0,163.0,52.0,10,206.0,32.0,23.0,164,217.0,631.0,193.0,69.0,5.0,21.0,188.0,196,1
793,98,46.0,88.0,191.0,63.0,6,192.0,34.0,22.0,147,215.0,563.0,174.0,73.0,2.0,26.0,194.0,197,1
794,87,41.0,76.0,165.0,67.0,7,148.0,45.0,19.0,140,171.0,327.0,152.0,72.0,7.0,13.0,188.0,195,2
795,83,40.0,53.0,114.0,53.0,6,132.0,53.0,18.0,140,142.0,247.0,157.0,86.0,8.0,7.0,176.0,183,2
796,85,38.0,63.0,130.0,55.0,7,122.0,55.0,17.0,130,137.0,219.0,144.0,64.0,20.0,8.0,195.0,201,2
797,111,53.0,108.0,211.0,61.0,11,207.0,32.0,23.0,167,217.0,636.0,216.0,64.0,21.0,2.0,196.0,205,1
798,103,56.0,100.0,185.0,59.0,11,216.0,31.0,24.0,173,219.0,684.0,219.0,75.0,15.0,11.0,186.0,194,1
799,92,39.0,76.0,180.0,71.0,6,152.0,43.0,19.0,131,179.0,350.0,143.0,72.0,6.0,14.0,195.0,200,2
800,88,41.0,80.0,147.0,62.0,8,146.0,45.0,19.0,144,169.0,318.0,161.0,71.0,4.0,16.0,188.0,197,2
801,84,38.0,60.0,128.0,56.0,5,132.0,50.0,18.0,130,148.0,261.0,141.0,75.0,8.0,4.0,185.0,188,2
802,89,44.0,80.0,191.0,66.0,6,162.0,40.0,20.0,143,189.0,396.0,180.0,66.0,13.0,11.0,194.0,199,2
803,93,47.0,84.0,205.0,71.0,7,176.0,36.0,21.0,152,190.0,476.0,201.0,70.0,7.0,19.0,198.0,201,2
804,104,52.0,101.0,206.0,62.0,10,198.0,33.0,23.0,161,207.0,587.0,204.0,64.0,2.0,5.0,195.0,204,1
805,81,43.0,68.0,148.0,64.0,7,150.0,45.0,19.0,144,175.0,330.0,171.0,80.0,1.0,2.0,182.0,185,2
806,88,45.0,82.0,155.0,56.0,8,154.0,43.0,19.0,149,180.0,357.0,170.0,69.0,3.0,0.0,188.0,193,2
807,103,51.0,105.0,174.0,56.0,11,210.0,32.0,24.0,163,222.0,650.0,222.0,73.0,8.0,9.0,187.0,196,1
808,83,46.0,68.0,139.0,59.0,6,150.0,44.0,19.0,146,172.0,336.0,183.0,74.0,5.0,3.0,185.0,191,2
809,79,38.0,55.0,120.0,55.0,5,142.0,48.0,19.0,128,153.0,295.0,145.0,81.0,4.0,2.0,180.0,183,2
810,97,55.0,103.0,197.0,63.0,11,215.0,31.0,24.0,172,219.0,677.0,219.0,75.0,5.0,24.0,185.0,194,1
811,83,39.0,69.0,127.0,54.0,5,135.0,49.0,18.0,131,155.0,274.0,162.0,69.0,16.0,6.0,187.0,190,2
812,98,38.0,72.0,192.0,69.0,5,166.0,38.0,20.0,131,189.0,427.0,138.0,70.0,1.0,3.0,200.0,202,2
813,90,48.0,77.0,132.0,56.0,10,157.0,44.0,20.0,164,169.0,354.0,187.0,78.0,1.0,3.0,182.0,191,2
814,85,43.0,66.0,123.0,55.0,7,150.0,45.0,19.0,146,172.0,326.0,173.0,83.0,4.0,15.0,180.0,183,2
815,81,45.0,68.0,154.0,69.0,22,151.0,45.0,19.0,147,186.0,335.0,186.0,88.0,1.0,10.0,180.0,185,2
816,90,48.0,85.0,157.0,64.0,11,161.0,43.0,20.0,167,175.0,375.0,186.0,74.0,3.0,16.0,185.0,195,2
817,104,53.0,108.0,204.0,64.0,11,220.0,31.0,25.0,172,226.0,707.0,203.0,71.0,14.0,30.0,189.0,203,1
818,95,43.0,96.0,202.0,65.0,10,189.0,35.0,22.0,143,217.0,534.0,166.0,71.0,6.0,27.0,190.0,197,1
819,93,42.0,98.0,192.0,63.0,9,185.0,36.0,22.0,138,206.0,508.0,173.0,70.0,10.0,21.0,189.0,197,1
820,87,38.0,71.0,123.0,53.0,8,137.0,49.0,18.0,127,158.0,277.0,145.0,75.0,0.0,9.0,181.0,186,2
821,104,56.0,96.0,231.0,74.0,11,220.0,30.0,25.0,172,223.0,713.0,218.0,73.0,6.0,16.0,186.0,195,1
822,95,41.0,82.0,170.0,65.0,9,145.0,46.0,19.0,145,163.0,314.0,140.0,64.0,4.0,8.0,199.0,207,2
823,105,54.0,105.0,213.0,67.0,10,200.0,33.0,23.0,163,214.0,597.0,214.0,68.0,10.0,20.0,190.0,198,1
824,106,55.0,96.0,196.0,60.0,12,221.0,30.0,25.0,173,225.0,717.0,214.0,72.0,9.0,13.0,186.0,196,1
825,86,39.0,84.0,149.0,57.0,8,156.0,43.0,20.0,133,185.0,358.0,157.0,74.0,0.0,23.0,183.0,190,2
826,95,49.0,92.0,193.0,62.0,10,178.0,37.0,21.0,154,200.0,478.0,171.0,64.0,2.0,0.0,198.0,206,1
827,99,57.0,100.0,177.0,54.0,13,224.0,30.0,25.0,188,223.0,726.0,213.0,72.0,4.0,7.0,185.0,198,1
828,89,42.0,66.0,125.0,53.0,7,131.0,51.0,18.0,144,162.0,254.0,162.0,73.0,10.0,17.0,188.0,191,2
829,95,49.0,82.0,139.0,56.0,11,159.0,43.0,20.0,162,173.0,365.0,185.0,75.0,7.0,10.0,182.0,191,2
830,97,37.0,70.0,173.0,66.0,7,151.0,43.0,19.0,129,167.0,346.0,119.0,65.0,0.0,16.0,201.0,208,2
831,100,47.0,70.0,185.0,70.0,7,162.0,40.0,20.0,153,179.0,406.0,172.0,68.0,9.0,6.0,200.0,205,2
832,108,49.0,109.0,204.0,61.0,11,212.0,31.0,24.0,159,229.0,665.0,215.0,71.0,16.0,11.0,190.0,199,1
833,92,46.0,83.0,154.0,56.0,6,160.0,41.0,20.0,148,185.0,382.0,184.0,71.0,10.0,5.0,186.0,191,2
834,82,36.0,51.0,114.0,53.0,4,135.0,50.0,18.0,126,150.0,268.0,144.0,86.0,15.0,4.0,181.0,182,2
835,111,58.0,105.0,183.0,51.0,6,265.0,26.0,29.0,174,285.0,1018.0,255.0,85.0,4.0,8.0,181.0,183,1
836,87,45.0,66.0,139.0,58.0,8,140.0,47.0,18.0,148,168.0,294.0,175.0,73.0,3.0,12.0,188.0,196,2
837,94,46.0,77.0,169.0,60.0,8,158.0,42.0,20.0,148,181.0,373.0,181.0,67.0,12.0,2.0,193.0,199,2
838,95,43.0,76.0,142.0,57.0,10,151.0,44.0,19.0,149,173.0,339.0,159.0,71.0,2.0,23.0,187.0,200,2
839,90,44.0,72.0,157.0,64.0,8,137.0,48.0,18.0,144,159.0,283.0,171.0,65.0,9.0,4.0,196.0,203,2
840,93,34.0,66.0,140.0,56.0,7,130.0,51.0,18.0,120,151.0,251.0,114.0,62.0,5.0,29.0,201.0,207,2
841,93,39.0,87.0,183.0,64.0,8,169.0,40.0,20.0,134,200.0,422.0,149.0,72.0,7.0,25.0,188.0,195,2
842,89,46.0,84.0,163.0,66.0,11,159.0,43.0,20.0,159,173.0,368.0,176.0,72.0,1.0,20.0,186.0,197,2
843,106,54.0,101.0,222.0,67.0,12,222.0,30.0,25.0,173,228.0,721.0,200.0,70.0,3.0,4.0,187.0,201,1
844,86,36.0,78.0,146.0,58.0,7,135.0,50.0,18.0,124,155.0,270.0,148.0,66.0,0.0,25.0,190.0,195,2
845,85,36.0,66.0,123.0,55.0,5,120.0,56.0,17.0,128,140.0,212.0,131.0,73.0,1.0,18.0,186.0,190,2
